date,ff_rate
7/7/1954,1
7/14/1954,1.22
7/21/1954,0.57
7/28/1954,0.63
8/4/1954,0.27
8/11/1954,1.31
8/18/1954,1.41
8/25/1954,1.41
9/1/1954,1.33
9/8/1954,1.22
9/15/1954,1.23
9/22/1954,0.55
9/29/1954,1.15
10/6/1954,0.55
10/13/1954,1.27
10/20/1954,0.77
10/27/1954,0.75
11/3/1954,1.18
11/10/1954,0.32
11/17/1954,0.39
11/24/1954,1.07
12/1/1954,1.4
12/8/1954,1.42
12/15/1954,1.28
12/22/1954,1.18
12/29/1954,1.19
1/5/1955,1.35
1/12/1955,1.41
1/19/1955,1.37
1/26/1955,1.41
2/2/1955,1.44
2/9/1955,1.27
2/16/1955,1.13
2/23/1955,1.32
3/2/1955,1.38
3/9/1955,1.41
3/16/1955,1.24
3/23/1955,1.31
3/30/1955,1.44
4/6/1955,1.44
4/13/1955,1.44
4/20/1955,1.4
4/27/1955,1.34
5/4/1955,1.66
5/11/1955,1.3
5/18/1955,1.32
5/25/1955,1.31
6/1/1955,1.69
6/8/1955,1.67
6/15/1955,1.69
6/22/1955,1.55
6/29/1955,1.66
7/6/1955,1.69
7/13/1955,1.69
7/20/1955,1.65
7/27/1955,1.67
8/3/1955,1.72
8/10/1955,1.97
8/17/1955,1.97
8/24/1955,1.99
8/31/1955,2
9/7/1955,2.07
9/14/1955,2.19
9/21/1955,2.2
9/28/1955,2.24
10/5/1955,2.22
10/12/1955,2.25
10/19/1955,2.23
10/26/1955,2.25
11/2/1955,2.25
11/9/1955,2.25
11/16/1955,2.24
11/23/1955,2.46
11/30/1955,2.49
12/7/1955,2.5
12/14/1955,2.46
12/21/1955,2.48
12/28/1955,2.48
1/4/1956,2.31
1/11/1956,2.48
1/18/1956,2.5
1/25/1956,2.5
2/1/1956,2.5
2/8/1956,2.5
2/15/1956,2.5
2/22/1956,2.48
2/29/1956,2.5
3/7/1956,2.5
3/14/1956,2.49
3/21/1956,2.5
3/28/1956,2.5
4/4/1956,2.5
4/11/1956,2.5
4/18/1956,2.6
4/25/1956,2.75
5/2/1956,2.75
5/9/1956,2.75
5/16/1956,2.75
5/23/1956,2.75
5/30/1956,2.75
6/6/1956,2.71
6/13/1956,2.75
6/20/1956,2.75
6/27/1956,2.61
7/4/1956,2.75
7/11/1956,2.75
7/18/1956,2.75
7/25/1956,2.74
8/1/1956,2.73
8/8/1956,2.75
8/15/1956,2.75
8/22/1956,2.74
8/29/1956,2.63
9/5/1956,3
9/12/1956,2.93
9/19/1956,2.86
9/26/1956,3
10/3/1956,3
10/10/1956,2.98
10/17/1956,2.92
10/24/1956,2.95
10/31/1956,2.99
11/7/1956,3
11/14/1956,2.98
11/21/1956,2.97
11/28/1956,2.59
12/5/1956,2.95
12/12/1956,2.79
12/19/1956,2.96
12/26/1956,2.99
1/2/1957,2.71
1/9/1957,2.82
1/16/1957,2.87
1/23/1957,2.9
1/30/1957,3
2/6/1957,3
2/13/1957,3
2/20/1957,3
2/27/1957,3
3/6/1957,3
3/13/1957,3
3/20/1957,3
3/27/1957,2.86
4/3/1957,2.97
4/10/1957,3
4/17/1957,3
4/24/1957,3
5/1/1957,3
5/8/1957,3
5/15/1957,3
5/22/1957,3
5/29/1957,3
6/5/1957,3
6/12/1957,3
6/19/1957,3
6/26/1957,3
7/3/1957,3
7/10/1957,3
7/17/1957,3
7/24/1957,2.98
7/31/1957,2.97
8/7/1957,3
8/14/1957,3.09
8/21/1957,3.29
8/28/1957,3.48
9/4/1957,3.36
9/11/1957,3.5
9/18/1957,3.5
9/25/1957,3.5
10/2/1957,3.5
10/9/1957,3.5
10/16/1957,3.5
10/23/1957,3.5
10/30/1957,3.5
11/6/1957,3.5
11/13/1957,3.46
11/20/1957,3.29
11/27/1957,3
12/4/1957,2.93
12/11/1957,3
12/18/1957,3
12/25/1957,3
1/1/1958,3
1/8/1958,2.98
1/15/1958,2.88
1/22/1958,3
1/29/1958,2.29
2/5/1958,1.5
2/12/1958,2.64
2/19/1958,2.11
2/26/1958,0.73
3/5/1958,1.11
3/12/1958,1.36
3/19/1958,1.45
3/26/1958,1.07
4/2/1958,0.55
4/9/1958,1.07
4/16/1958,1.75
4/23/1958,1.29
4/30/1958,1.25
5/7/1958,1.11
5/14/1958,0.95
5/21/1958,0.47
5/28/1958,0.2
6/4/1958,0.32
6/11/1958,1.39
6/18/1958,1.36
6/25/1958,0.61
7/2/1958,0.43
7/9/1958,0.77
7/16/1958,1.32
7/23/1958,0.45
7/30/1958,0.36
8/6/1958,0.91
8/13/1958,1.63
8/20/1958,1.61
8/27/1958,1.68
9/3/1958,1.68
9/10/1958,1.68
9/17/1958,1.63
9/24/1958,1.91
10/1/1958,1.79
10/8/1958,1.93
10/15/1958,1.96
10/22/1958,1.98
10/29/1958,1.47
11/5/1958,1.93
11/12/1958,2
11/19/1958,2.46
11/26/1958,2.39
12/3/1958,2.3
12/10/1958,2.39
12/17/1958,2.5
12/24/1958,2.5
12/31/1958,2.47
1/7/1959,2.48
1/14/1959,2.45
1/21/1959,2.5
1/28/1959,2.5
2/4/1959,2.5
2/11/1959,2.36
2/18/1959,2.36
2/25/1959,2.5
3/4/1959,2.46
3/11/1959,2.71
3/18/1959,2.86
3/25/1959,2.93
4/1/1959,2.84
4/8/1959,3
4/15/1959,3
4/22/1959,3
4/29/1959,2.93
5/6/1959,3
5/13/1959,3
5/20/1959,2.61
5/27/1959,2.82
6/3/1959,3.11
6/10/1959,3.36
6/17/1959,3.5
6/24/1959,3.46
7/1/1959,3.32
7/8/1959,3.5
7/15/1959,3.46
7/22/1959,3.5
7/29/1959,3.5
8/5/1959,3.5
8/12/1959,3.5
8/19/1959,3.5
8/26/1959,3.5
9/2/1959,3.5
9/9/1959,3.46
9/16/1959,3.82
9/23/1959,3.96
9/30/1959,3.86
10/7/1959,4
10/14/1959,3.96
10/21/1959,3.96
10/28/1959,4
11/4/1959,4
11/11/1959,4
11/18/1959,4
11/25/1959,4
12/2/1959,3.96
12/9/1959,4
12/16/1959,4
12/23/1959,4
12/30/1959,4
1/6/1960,4
1/13/1960,4
1/20/1960,4
1/27/1960,3.96
2/3/1960,4
2/10/1960,3.96
2/17/1960,4
2/24/1960,3.89
3/2/1960,4
3/9/1960,3.96
3/16/1960,3.96
3/23/1960,3.54
3/30/1960,3.82
4/6/1960,3.93
4/13/1960,3.96
4/20/1960,3.82
4/27/1960,3.93
5/4/1960,4
5/11/1960,4
5/18/1960,3.89
5/25/1960,3.79
6/1/1960,3.36
6/8/1960,3.82
6/15/1960,3.39
6/22/1960,3.5
6/29/1960,2.71
7/6/1960,3.36
7/13/1960,2.93
7/20/1960,3.5
7/27/1960,3.14
8/3/1960,3.29
8/10/1960,3.11
8/17/1960,3.07
8/24/1960,2.68
8/31/1960,2.89
9/7/1960,2.96
9/14/1960,2.79
9/21/1960,1.89
9/28/1960,2.64
10/5/1960,2.86
10/12/1960,3
10/19/1960,1.93
10/26/1960,2
11/2/1960,2.86
11/9/1960,2.96
11/16/1960,2.82
11/23/1960,2.32
11/30/1960,1.5
12/7/1960,1.68
12/14/1960,1.79
12/21/1960,2.14
12/28/1960,1.89
1/4/1961,2.5
1/11/1961,1.61
1/18/1961,1.96
1/25/1961,0.66
2/1/1961,1.36
2/8/1961,2.25
2/15/1961,2.79
2/22/1961,2.54
3/1/1961,2.5
3/8/1961,2.61
3/15/1961,2
3/22/1961,1.82
3/29/1961,1.61
4/5/1961,1.79
4/12/1961,2.11
4/19/1961,1.64
4/26/1961,1.14
5/3/1961,0.54
5/10/1961,1.64
5/17/1961,2.29
5/24/1961,2.5
5/31/1961,2.14
6/7/1961,2.5
6/14/1961,1
6/21/1961,2.29
6/28/1961,1.18
7/5/1961,1.04
7/12/1961,1.36
7/19/1961,1.18
7/26/1961,0.86
8/2/1961,1.64
8/9/1961,2.25
8/16/1961,2.75
8/23/1961,1.64
8/30/1961,1.5
9/6/1961,1.29
9/13/1961,2.36
9/20/1961,1.86
9/27/1961,1.96
10/4/1961,1.64
10/11/1961,2.43
10/18/1961,2.64
10/25/1961,2.36
11/1/1961,2.14
11/8/1961,2.71
11/15/1961,2.75
11/22/1961,2.79
11/29/1961,2.29
12/6/1961,2.25
12/13/1961,1.61
12/20/1961,2.36
12/27/1961,2.86
1/3/1962,2.61
1/10/1962,2
1/17/1962,2.79
1/24/1962,1.46
1/31/1962,2.14
2/7/1962,2.04
2/14/1962,2.61
2/21/1962,2.36
2/28/1962,2.46
3/7/1962,2.75
3/14/1962,2.89
3/21/1962,2.82
3/28/1962,2.96
4/4/1962,2.71
4/11/1962,2.79
4/18/1962,2.93
4/25/1962,2.86
5/2/1962,2.61
5/9/1962,2.71
5/16/1962,2.46
5/23/1962,2.43
5/30/1962,1.71
6/6/1962,2.46
6/13/1962,2.46
6/20/1962,2.86
6/27/1962,2.89
7/4/1962,2.82
7/11/1962,2.71
7/18/1962,2.86
7/25/1962,2.5
8/1/1962,2.75
8/8/1962,2.89
8/15/1962,3
8/22/1962,2.89
8/29/1962,2.93
9/5/1962,2.96
9/12/1962,3
9/19/1962,2.89
9/26/1962,2.79
10/3/1962,2.89
10/10/1962,2.82
10/17/1962,3
10/24/1962,2.9
10/31/1962,2.82
11/7/1962,2.95
11/14/1962,3
11/21/1962,2.97
11/28/1962,2.9
12/5/1962,2.79
12/12/1962,2.88
12/19/1962,2.98
12/26/1962,3
1/2/1963,2.93
1/9/1963,2.77
1/16/1963,3
1/23/1963,2.95
1/30/1963,2.98
2/6/1963,3
2/13/1963,3
2/20/1963,3
2/27/1963,3
3/6/1963,3
3/13/1963,3
3/20/1963,2.95
3/27/1963,2.98
4/3/1963,2.75
4/10/1963,2.98
4/17/1963,2.89
4/24/1963,3
5/1/1963,2.95
5/8/1963,3
5/15/1963,3
5/22/1963,3
5/29/1963,3
6/5/1963,3
6/12/1963,3
6/19/1963,3
6/26/1963,2.96
7/3/1963,3
7/10/1963,2.98
7/17/1963,3.04
7/24/1963,2.64
7/31/1963,3.41
8/7/1963,3.5
8/14/1963,3.47
8/21/1963,3.5
8/28/1963,3.48
9/4/1963,3.5
9/11/1963,3.5
9/18/1963,3.43
9/25/1963,3.48
10/2/1963,3.5
10/9/1963,3.48
10/16/1963,3.5
10/23/1963,3.5
10/30/1963,3.5
11/6/1963,3.5
11/13/1963,3.43
11/20/1963,3.5
11/27/1963,3.5
12/4/1963,3.32
12/11/1963,3.16
12/18/1963,3.5
12/25/1963,3.5
1/1/1964,3.43
1/8/1964,3.5
1/15/1964,3.5
1/22/1964,3.46
1/29/1964,3.5
2/5/1964,3.5
2/12/1964,3.5
2/19/1964,3.43
2/26/1964,3.5
3/4/1964,3.29
3/11/1964,3.5
3/18/1964,3.43
3/25/1964,3.47
4/1/1964,3.5
4/8/1964,3.45
4/15/1964,3.5
4/22/1964,3.47
4/29/1964,3.45
5/6/1964,3.5
5/13/1964,3.5
5/20/1964,3.5
5/27/1964,3.48
6/3/1964,3.5
6/10/1964,3.5
6/17/1964,3.5
6/24/1964,3.5
7/1/1964,3.5
7/8/1964,3.5
7/15/1964,3.5
7/22/1964,3.14
7/29/1964,3.5
8/5/1964,3.5
8/12/1964,3.5
8/19/1964,3.5
8/26/1964,3.5
9/2/1964,3.5
9/9/1964,3.43
9/16/1964,3.46
9/23/1964,3.5
9/30/1964,3.39
10/7/1964,3.36
10/14/1964,3.07
10/21/1964,3.48
10/28/1964,3.46
11/4/1964,3.5
11/11/1964,3.5
11/18/1964,3.59
11/25/1964,3.34
12/2/1964,3.71
12/9/1964,3.39
12/16/1964,4
12/23/1964,4
12/30/1964,4
1/6/1965,4
1/13/1965,4
1/20/1965,3.57
1/27/1965,4
2/3/1965,4
2/10/1965,4
2/17/1965,4
2/24/1965,3.93
3/3/1965,4
3/10/1965,4.06
3/17/1965,4.04
3/24/1965,4.09
3/31/1965,4.02
4/7/1965,4.11
4/14/1965,4.13
4/21/1965,4.09
4/28/1965,4.02
5/5/1965,4.13
5/12/1965,4.07
5/19/1965,4.07
5/26/1965,4.11
6/2/1965,4.11
6/9/1965,4.11
6/16/1965,4.13
6/23/1965,3.81
6/30/1965,4.13
7/7/1965,4.13
7/14/1965,4.09
7/21/1965,4.04
7/28/1965,4.09
8/4/1965,4.11
8/11/1965,4.13
8/18/1965,4.13
8/25/1965,4.13
9/1/1965,4.06
9/8/1965,4.11
9/15/1965,4.13
9/22/1965,4.13
9/29/1965,3.72
10/6/1965,4.09
10/13/1965,4.13
10/20/1965,4.08
10/27/1965,4
11/3/1965,4.13
11/10/1965,4.04
11/17/1965,4.13
11/24/1965,4.11
12/1/1965,4.13
12/8/1965,3.68
12/15/1965,4.5
12/22/1965,4.43
12/29/1965,4.63
1/5/1966,4.61
1/12/1966,4.59
1/19/1966,3.86
1/26/1966,4.56
2/2/1966,4.54
2/9/1966,4.63
2/16/1966,4.59
2/23/1966,4.63
3/2/1966,4.63
3/9/1966,4.68
3/16/1966,4.58
3/23/1966,4.68
3/30/1966,4.68
4/6/1966,4.75
4/13/1966,4.7
4/20/1966,4.77
4/27/1966,4.48
5/4/1966,4.74
5/11/1966,4.79
5/18/1966,4.98
5/25/1966,4.84
6/1/1966,4.95
6/8/1966,4.98
6/15/1966,5.18
6/22/1966,5.18
6/29/1966,5.43
7/6/1966,5.36
7/13/1966,5.45
7/20/1966,4.7
7/27/1966,5.46
8/3/1966,5.63
8/10/1966,5.75
8/17/1966,5.36
8/24/1966,5.72
8/31/1966,5.34
9/7/1966,5.9
9/14/1966,5.81
9/21/1966,5.29
9/28/1966,4.5
10/5/1966,5.86
10/12/1966,5.5
10/19/1966,5.64
10/26/1966,5.04
11/2/1966,5.86
11/9/1966,5.82
11/16/1966,5.96
11/23/1966,5.5
11/30/1966,5.64
12/7/1966,5.36
12/14/1966,5.43
12/21/1966,5.25
12/28/1966,5.57
1/4/1967,5.14
1/11/1967,5.39
1/18/1967,4.82
1/25/1967,5.18
2/1/1967,4.21
2/8/1967,4.93
2/15/1967,5.18
2/22/1967,5.18
3/1/1967,4.68
3/8/1967,4.71
3/15/1967,4.54
3/22/1967,4.71
3/29/1967,4.25
4/5/1967,4.55
4/12/1967,3.93
4/19/1967,3.93
4/26/1967,4
5/3/1967,4
5/10/1967,3.84
5/17/1967,4.02
5/24/1967,3.93
5/31/1967,3.95
6/7/1967,3.93
6/14/1967,4
6/21/1967,3.98
6/28/1967,4.07
7/5/1967,3.73
7/12/1967,3.98
7/19/1967,3.54
7/26/1967,3.93
8/2/1967,3.75
8/9/1967,4.02
8/16/1967,4.06
8/23/1967,3.98
8/30/1967,3.59
9/6/1967,4.02
9/13/1967,3.98
9/20/1967,4
9/27/1967,4
10/4/1967,3.97
10/11/1967,4.04
10/18/1967,4.04
10/25/1967,3.5
11/1/1967,3.89
11/8/1967,3.96
11/15/1967,4.09
11/22/1967,4.02
11/29/1967,4.38
12/6/1967,4.36
12/13/1967,4.52
12/20/1967,4.48
12/27/1967,4.63
1/3/1968,4.54
1/10/1968,4.63
1/17/1968,4.61
1/24/1968,4.7
1/31/1968,4.55
2/7/1968,4.73
2/14/1968,4.66
2/21/1968,4.7
2/28/1968,4.75
3/6/1968,4.82
3/13/1968,4.64
3/20/1968,5.13
3/27/1968,5.39
4/3/1968,5.52
4/10/1968,5.66
4/17/1968,5.71
4/24/1968,5.63
5/1/1968,6.15
5/8/1968,6.04
5/15/1968,6.34
5/22/1968,6.08
5/29/1968,6.02
6/5/1968,5.93
6/12/1968,6.18
6/19/1968,6.18
6/26/1968,6.15
7/3/1968,5.73
7/10/1968,5.95
7/17/1968,6.13
7/24/1968,6.11
7/31/1968,6.06
8/7/1968,6.11
8/14/1968,6.13
8/21/1968,6.06
8/28/1968,5.93
9/4/1968,5.8
9/11/1968,5.84
9/18/1968,5.68
9/25/1968,5.7
10/2/1968,5.93
10/9/1968,5.9
10/16/1968,5.97
10/23/1968,5.84
10/30/1968,5.91
11/6/1968,6.07
11/13/1968,6
11/20/1968,5.45
11/27/1968,5.73
12/4/1968,5.72
12/11/1968,5.84
12/18/1968,6
12/25/1968,6.25
1/1/1969,5.95
1/8/1969,6.43
1/15/1969,6.36
1/22/1969,6.47
1/29/1969,6.27
2/5/1969,6.32
2/12/1969,6.75
2/19/1969,6.75
2/26/1969,6.48
3/5/1969,6.75
3/12/1969,6.75
3/19/1969,6.83
3/26/1969,6.88
4/2/1969,6.66
4/9/1969,7.04
4/16/1969,7.63
4/23/1969,7.48
4/30/1969,7.79
5/7/1969,8.23
5/14/1969,8.3
5/21/1969,8.91
5/28/1969,8.93
6/4/1969,9.2
6/11/1969,9.13
6/18/1969,8.54
6/25/1969,8.34
7/2/1969,9
7/9/1969,9.07
7/16/1969,9.23
7/23/1969,8.5
7/30/1969,8.05
8/6/1969,9.57
8/13/1969,9.18
8/20/1969,8.79
8/27/1969,8.82
9/3/1969,9.57
9/10/1969,8.57
9/17/1969,9.07
9/24/1969,9.61
10/1/1969,9.11
10/8/1969,9.43
10/15/1969,9.68
10/22/1969,8.68
10/29/1969,8.39
11/5/1969,9.07
11/12/1969,9.32
11/19/1969,8.79
11/26/1969,8.32
12/3/1969,8.91
12/10/1969,8.75
12/17/1969,9.14
12/24/1969,9.18
12/31/1969,8.71
1/7/1970,8.45
1/14/1970,8.96
1/21/1970,9.3
1/28/1970,9.04
2/4/1970,9.22
2/11/1970,9.18
2/18/1970,9.39
2/25/1970,8.41
3/4/1970,8.32
3/11/1970,7.71
3/18/1970,7.82
3/25/1970,7.45
4/1/1970,7.93
4/8/1970,7.68
4/15/1970,8.02
4/22/1970,8.21
4/29/1970,8.43
5/6/1970,8.47
5/13/1970,7.97
5/20/1970,7.84
5/27/1970,7.65
6/3/1970,7.84
6/10/1970,7.98
6/17/1970,7.8
6/24/1970,7.21
7/1/1970,7.23
7/8/1970,7.34
7/15/1970,7.59
7/22/1970,7.16
7/29/1970,6.89
8/5/1970,6.93
8/12/1970,6.83
8/19/1970,6.64
8/26/1970,6.34
9/2/1970,6.47
9/9/1970,6.65
9/16/1970,6.47
9/23/1970,5.84
9/30/1970,6.06
10/7/1970,6.36
10/14/1970,6.22
10/21/1970,6.18
10/28/1970,6.11
11/4/1970,6.07
11/11/1970,5.8
11/18/1970,5.7
11/25/1970,5.16
12/2/1970,5.5
12/9/1970,4.91
12/16/1970,5.07
12/23/1970,4.84
12/30/1970,4.82
1/6/1971,3.82
1/13/1971,4.27
1/20/1971,4.13
1/27/1971,4.23
2/3/1971,4.09
2/10/1971,3.59
2/17/1971,4.14
2/24/1971,3.47
3/3/1971,3.41
3/10/1971,3.29
3/17/1971,3.93
3/24/1971,3.7
3/31/1971,4.02
4/7/1971,3.98
4/14/1971,4.2
4/21/1971,4.27
4/28/1971,4.15
5/5/1971,4.41
5/12/1971,4.59
5/19/1971,4.56
5/26/1971,4.68
6/2/1971,4.83
6/9/1971,4.77
6/16/1971,4.9
6/23/1971,4.97
6/30/1971,5.08
7/7/1971,5.18
7/14/1971,5.13
7/21/1971,5.47
7/28/1971,5.38
8/4/1971,5.57
8/11/1971,5.59
8/18/1971,5.59
8/25/1971,5.48
9/1/1971,5.59
9/8/1971,5.73
9/15/1971,5.59
9/22/1971,5.46
9/29/1971,5.43
10/6/1971,5.33
10/13/1971,5.29
10/20/1971,5.14
10/27/1971,5.11
11/3/1971,5.17
11/10/1971,4.93
11/17/1971,4.88
11/24/1971,4.86
12/1/1971,4.68
12/8/1971,4.59
12/15/1971,4.2
12/22/1971,3.9
12/29/1971,4.05
1/5/1972,3.57
1/12/1972,3.72
1/19/1972,3.54
1/26/1972,3.43
2/2/1972,3.23
2/9/1972,3.25
2/16/1972,3.43
2/23/1972,3.34
3/1/1972,3.18
3/8/1972,3.43
3/15/1972,3.88
3/22/1972,3.91
3/29/1972,4.09
4/5/1972,4.16
4/12/1972,4.18
4/19/1972,4.05
4/26/1972,4.2
5/3/1972,4.25
5/10/1972,4.2
5/17/1972,4.32
5/24/1972,4.24
5/31/1972,4.37
6/7/1972,4.48
6/14/1972,4.46
6/21/1972,4.4
6/28/1972,4.49
7/5/1972,4.61
7/12/1972,4.62
7/19/1972,4.46
7/26/1972,4.54
8/2/1972,4.56
8/9/1972,4.69
8/16/1972,4.86
8/23/1972,4.75
8/30/1972,4.9
9/6/1972,4.9
9/13/1972,4.69
9/20/1972,4.93
9/27/1972,4.99
10/4/1972,5.15
10/11/1972,5.09
10/18/1972,4.91
10/25/1972,5.01
11/1/1972,5.06
11/8/1972,5.25
11/15/1972,4.89
11/22/1972,4.98
11/29/1972,5.03
12/6/1972,5.17
12/13/1972,5.29
12/20/1972,5.38
12/27/1972,5.34
1/3/1973,5.61
1/10/1973,5.66
1/17/1973,5.86
1/24/1973,6.03
1/31/1973,6.35
2/7/1973,6.22
2/14/1973,6.58
2/21/1973,6.79
2/28/1973,6.75
3/7/1973,7.02
3/14/1973,7.13
3/21/1973,6.96
3/28/1973,7.11
4/4/1973,7.18
4/11/1973,6.84
4/18/1973,7.24
4/25/1973,7.14
5/2/1973,7.43
5/9/1973,7.6
5/16/1973,7.82
5/23/1973,8.06
5/30/1973,7.95
6/6/1973,8.43
6/13/1973,8.17
6/20/1973,8.56
6/27/1973,8.59
7/4/1973,10.22
7/11/1973,9.52
7/18/1973,10.22
7/25/1973,10.58
8/1/1973,10.57
8/8/1973,10.39
8/15/1973,10.39
8/22/1973,10.52
8/29/1973,10.79
9/5/1973,10.79
9/12/1973,10.74
9/19/1973,10.8
9/26/1973,10.84
10/3/1973,10.72
10/10/1973,9.87
10/17/1973,10.07
10/24/1973,9.98
10/31/1973,9.9
11/7/1973,9.71
11/14/1973,10.03
11/21/1973,10.23
11/28/1973,10.09
12/5/1973,10.17
12/12/1973,10.04
12/19/1973,10.18
12/26/1973,9.52
1/2/1974,9.87
1/9/1974,9.76
1/16/1974,9.77
1/23/1974,9.6
1/30/1974,9.47
2/6/1974,9.13
2/13/1974,8.93
2/20/1974,9.07
2/27/1974,8.81
3/6/1974,8.98
3/13/1974,9.03
3/20/1974,9.33
3/27/1974,9.61
4/3/1974,9.93
4/10/1974,10.02
4/17/1974,10.36
4/24/1974,10.78
5/1/1974,11.17
5/8/1974,11.29
5/15/1974,11.46
5/22/1974,10.95
5/29/1974,11.54
6/5/1974,11.45
6/12/1974,11.6
6/19/1974,11.85
6/26/1974,11.97
7/3/1974,13.55
7/10/1974,13.34
7/17/1974,13.04
7/24/1974,12.6
7/31/1974,12.29
8/7/1974,12.09
8/14/1974,12.02
8/21/1974,12.23
8/28/1974,11.84
9/4/1974,11.64
9/11/1974,11.48
9/18/1974,11.41
9/25/1974,11.12
10/2/1974,11.04
10/9/1974,10.43
10/16/1974,10.11
10/23/1974,9.81
10/30/1974,9.72
11/6/1974,9.63
11/13/1974,9.37
11/20/1974,9.34
11/27/1974,9.46
12/4/1974,9.02
12/11/1974,8.86
12/18/1974,8.72
12/25/1974,8.45
1/1/1975,7.35
1/8/1975,7.7
1/15/1975,7.22
1/22/1975,7.17
1/29/1975,6.99
2/5/1975,6.46
2/12/1975,6.28
2/19/1975,6.29
2/26/1975,6.15
3/5/1975,5.88
3/12/1975,5.44
3/19/1975,5.38
3/26/1975,5.53
4/2/1975,5.59
4/9/1975,5.28
4/16/1975,5.44
4/23/1975,5.54
4/30/1975,5.71
5/7/1975,5.42
5/14/1975,5.2
5/21/1975,5.13
5/28/1975,5.14
6/4/1975,5.24
6/11/1975,5.15
6/18/1975,5.31
6/25/1975,5.72
7/2/1975,6.31
7/9/1975,6.06
7/16/1975,5.93
7/23/1975,6.14
7/30/1975,6.25
8/6/1975,6.09
8/13/1975,6.08
8/20/1975,6.15
8/27/1975,6.23
9/3/1975,6.06
9/10/1975,6.15
9/17/1975,6.28
9/24/1975,6.29
10/1/1975,6.36
10/8/1975,6.06
10/15/1975,5.82
10/22/1975,5.73
10/29/1975,5.65
11/5/1975,5.17
11/12/1975,5.24
11/19/1975,5.24
11/26/1975,5.28
12/3/1975,5.25
12/10/1975,5.26
12/17/1975,5.17
12/24/1975,5.18
12/31/1975,5.18
1/7/1976,5.12
1/14/1976,4.76
1/21/1976,4.81
1/28/1976,4.8
2/4/1976,4.82
2/11/1976,4.73
2/18/1976,4.7
2/25/1976,4.8
3/3/1976,4.95
3/10/1976,4.86
3/17/1976,4.77
3/24/1976,4.79
3/31/1976,4.84
4/7/1976,4.73
4/14/1976,4.77
4/21/1976,4.78
4/28/1976,4.93
5/5/1976,5.03
5/12/1976,5.02
5/19/1976,5.28
5/26/1976,5.5
6/2/1976,5.54
6/9/1976,5.44
6/16/1976,5.47
6/23/1976,5.48
6/30/1976,5.58
7/7/1976,5.37
7/14/1976,5.27
7/21/1976,5.3
7/28/1976,5.28
8/4/1976,5.36
8/11/1976,5.25
8/18/1976,5.29
8/25/1976,5.28
9/1/1976,5.28
9/8/1976,5.25
9/15/1976,5.22
9/22/1976,5.21
9/29/1976,5.32
10/6/1976,5.17
10/13/1976,5.02
10/20/1976,4.97
10/27/1976,4.99
11/3/1976,5.06
11/10/1976,4.98
11/17/1976,5.02
11/24/1976,4.9
12/1/1976,4.78
12/8/1976,4.67
12/15/1976,4.68
12/22/1976,4.63
12/29/1976,4.66
1/5/1977,4.47
1/12/1977,4.55
1/19/1977,4.65
1/26/1977,4.72
2/2/1977,4.6
2/9/1977,4.66
2/16/1977,4.7
2/23/1977,4.74
3/2/1977,4.68
3/9/1977,4.63
3/16/1977,4.62
3/23/1977,4.77
3/30/1977,4.74
4/6/1977,4.6
4/13/1977,4.65
4/20/1977,4.71
4/27/1977,4.82
5/4/1977,5.15
5/11/1977,5.31
5/18/1977,5.34
5/25/1977,5.45
6/1/1977,5.36
6/8/1977,5.31
6/15/1977,5.37
6/22/1977,5.43
6/29/1977,5.43
7/6/1977,5.35
7/13/1977,5.33
7/20/1977,5.35
7/27/1977,5.45
8/3/1977,5.8
8/10/1977,5.7
8/17/1977,5.94
8/24/1977,5.99
8/31/1977,6.02
9/7/1977,5.97
9/14/1977,6.05
9/21/1977,6.1
9/28/1977,6.35
10/5/1977,6.41
10/12/1977,6.41
10/19/1977,6.5
10/26/1977,6.49
11/2/1977,6.5
11/9/1977,6.58
11/16/1977,6.42
11/23/1977,6.51
11/30/1977,6.55
12/7/1977,6.51
12/14/1977,6.49
12/21/1977,6.54
12/28/1977,6.65
1/4/1978,6.69
1/11/1978,6.58
1/18/1978,6.78
1/25/1978,6.72
2/1/1978,6.8
2/8/1978,6.75
2/15/1978,6.76
2/22/1978,6.78
3/1/1978,6.8
3/8/1978,6.76
3/15/1978,6.77
3/22/1978,6.77
3/29/1978,6.82
4/5/1978,6.86
4/12/1978,6.74
4/19/1978,6.78
4/26/1978,7
5/3/1978,7.27
5/10/1978,7.32
5/17/1978,7.34
5/24/1978,7.43
5/31/1978,7.36
6/7/1978,7.47
6/14/1978,7.49
6/21/1978,7.53
6/28/1978,7.78
7/5/1978,7.72
7/12/1978,7.72
7/19/1978,7.94
7/26/1978,7.88
8/2/1978,7.89
8/9/1978,7.83
8/16/1978,7.87
8/23/1978,8.14
8/30/1978,8.28
9/6/1978,8.3
9/13/1978,8.33
9/20/1978,8.36
9/27/1978,8.62
10/4/1978,8.85
10/11/1978,8.71
10/18/1978,8.78
10/25/1978,9.24
11/1/1978,9.29
11/8/1978,9.77
11/15/1978,9.68
11/22/1978,9.68
11/29/1978,9.85
12/6/1978,9.87
12/13/1978,9.79
12/20/1978,9.75
12/27/1978,10.25
1/3/1979,10.59
1/10/1979,9.97
1/17/1979,10.05
1/24/1979,10.05
1/31/1979,10.12
2/7/1979,10.06
2/14/1979,10.15
2/21/1979,9.97
2/28/1979,10.06
3/7/1979,10.07
3/14/1979,10.21
3/21/1979,10.09
3/28/1979,10
4/4/1979,9.95
4/11/1979,9.93
4/18/1979,9.96
4/25/1979,10.09
5/2/1979,10.22
5/9/1979,10.25
5/16/1979,10.25
5/23/1979,10.17
5/30/1979,10.28
6/6/1979,10.23
6/13/1979,10.23
6/20/1979,10.28
6/27/1979,10.32
7/4/1979,10.42
7/11/1979,10.28
7/18/1979,10.35
7/25/1979,10.63
8/1/1979,10.75
8/8/1979,10.67
8/15/1979,10.8
8/22/1979,11.04
8/29/1979,11.16
9/5/1979,11.02
9/12/1979,11.3
9/19/1979,11.37
9/26/1979,11.61
10/3/1979,11.91
10/10/1979,12
10/17/1979,13.22
10/24/1979,15.14
10/31/1979,15.61
11/7/1979,13.77
11/14/1979,13.3
11/21/1979,13.1
11/28/1979,12.46
12/5/1979,13.77
12/12/1979,13.79
12/19/1979,13.9
12/26/1979,13.49
1/2/1980,14.04
1/9/1980,13.94
1/16/1980,13.91
1/23/1980,13.77
1/30/1980,13.54
2/6/1980,12.8
2/13/1980,13.64
2/20/1980,14.87
2/27/1980,14.62
3/5/1980,16.17
3/12/1980,16.45
3/19/1980,16.24
3/26/1980,17.78
4/2/1980,19.39
4/9/1980,19.04
4/16/1980,18.35
4/23/1980,17.56
4/30/1980,15.12
5/7/1980,12.96
5/14/1980,10.85
5/21/1980,10.71
5/28/1980,9.46
6/4/1980,10.74
6/11/1980,9.68
6/18/1980,8.99
6/25/1980,9.08
7/2/1980,9.41
7/9/1980,9.26
7/16/1980,8.98
7/23/1980,8.68
7/30/1980,8.98
8/6/1980,9.6
8/13/1980,8.85
8/20/1980,9.35
8/27/1980,10.03
9/3/1980,10.47
9/10/1980,10.22
9/17/1980,10.64
9/24/1980,10.85
10/1/1980,12.38
10/8/1980,12.59
10/15/1980,12.64
10/22/1980,12.55
10/29/1980,13.17
11/5/1980,13.99
11/12/1980,14.65
11/19/1980,15.22
11/26/1980,17.43
12/3/1980,17.72
12/10/1980,18.82
12/17/1980,19.83
12/24/1980,19.44
12/31/1980,18.45
1/7/1981,20.06
1/14/1981,19.64
1/21/1981,19.35
1/28/1981,18.12
2/4/1981,17.19
2/11/1981,16.51
2/18/1981,15.81
2/25/1981,14.96
3/4/1981,15.73
3/11/1981,15.53
3/18/1981,14.13
3/25/1981,13.48
4/1/1981,14.93
4/8/1981,15.43
4/15/1981,15.33
4/22/1981,15.55
4/29/1981,16.28
5/6/1981,18.91
5/13/1981,18.21
5/20/1981,18.89
5/27/1981,18.71
6/3/1981,18.4
6/10/1981,19.33
6/17/1981,19.1
6/24/1981,19.2
7/1/1981,18.84
7/8/1981,19.93
7/15/1981,18.76
7/22/1981,19.05
7/29/1981,18.54
8/5/1981,18.25
8/12/1981,18.29
8/19/1981,18.19
8/26/1981,17.41
9/2/1981,16.89
9/9/1981,16.5
9/16/1981,16.09
9/23/1981,15.33
9/30/1981,15
10/7/1981,15.46
10/14/1981,14.93
10/21/1981,15.32
10/28/1981,14.87
11/4/1981,14.79
11/11/1981,14.01
11/18/1981,13.17
11/25/1981,12.42
12/2/1981,12.48
12/9/1981,12.04
12/16/1981,12.26
12/23/1981,12.43
12/30/1981,12.54
1/6/1982,12.98
1/13/1982,12.42
1/20/1982,12.96
1/27/1982,13.98
2/3/1982,14.77
2/10/1982,15.19
2/17/1982,15.61
2/24/1982,13.86
3/3/1982,14.07
3/10/1982,14.35
3/17/1982,14.89
3/24/1982,14.48
3/31/1982,14.99
4/7/1982,15.15
4/14/1982,14.68
4/21/1982,15.01
4/28/1982,14.72
5/5/1982,15.53
5/12/1982,14.97
5/19/1982,14.67
5/26/1982,13.7
6/2/1982,13.43
6/9/1982,13.6
6/16/1982,14.24
6/23/1982,14.17
6/30/1982,14.81
7/7/1982,14.47
7/14/1982,13.18
7/21/1982,12.14
7/28/1982,11.02
8/4/1982,11.15
8/11/1982,10.9
8/18/1982,10.11
8/25/1982,9.04
9/1/1982,10.15
9/8/1982,10.14
9/15/1982,10.27
9/22/1982,10.31
9/29/1982,10.12
10/6/1982,10.77
10/13/1982,9.6
10/20/1982,9.53
10/27/1982,9.44
11/3/1982,9.43
11/10/1982,9.45
11/17/1982,9.61
11/24/1982,8.91
12/1/1982,8.69
12/8/1982,8.84
12/15/1982,8.86
12/22/1982,8.69
12/29/1982,8.79
1/5/1983,10.21
1/12/1983,8.42
1/19/1983,8.49
1/26/1983,8.44
2/2/1983,8.53
2/9/1983,8.5
2/16/1983,8.62
2/23/1983,8.47
3/2/1983,8.44
3/9/1983,8.59
3/16/1983,8.57
3/23/1983,8.75
3/30/1983,8.88
4/6/1983,9.43
4/13/1983,8.76
4/20/1983,8.7
4/27/1983,8.58
5/4/1983,8.8
5/11/1983,8.48
5/18/1983,8.59
5/25/1983,8.72
6/1/1983,8.77
6/8/1983,8.84
6/15/1983,8.84
6/22/1983,9.14
6/29/1983,8.9
7/6/1983,9.39
7/13/1983,9.21
7/20/1983,9.43
7/27/1983,9.46
8/3/1983,9.59
8/10/1983,9.66
8/17/1983,9.67
8/24/1983,9.41
8/31/1983,9.44
9/7/1983,9.53
9/14/1983,9.54
9/21/1983,9.48
9/28/1983,9.04
10/5/1983,10
10/12/1983,9.46
10/19/1983,9.36
10/26/1983,9.36
11/2/1983,9.4
11/9/1983,9.36
11/16/1983,9.42
11/23/1983,9.26
11/30/1983,9.27
12/7/1983,9.49
12/14/1983,9.52
12/21/1983,9.62
12/28/1983,8.96
1/4/1984,10.06
1/11/1984,9.53
1/18/1984,9.54
1/25/1984,9.53
2/1/1984,9.41
2/8/1984,9.58
2/15/1984,9.53
2/22/1984,9.6
2/29/1984,9.62
3/7/1984,9.74
3/14/1984,9.79
3/21/1984,10.04
3/28/1984,9.97
4/4/1984,10.41
4/11/1984,10.13
4/18/1984,10.37
4/25/1984,9.98
5/2/1984,10.7
5/9/1984,10.46
5/16/1984,10.52
5/23/1984,9.75
5/30/1984,10.3
6/6/1984,10.72
6/13/1984,10.85
6/20/1984,11.49
6/27/1984,11.27
7/4/1984,10.91
7/11/1984,11.25
7/18/1984,11.21
7/25/1984,11.19
8/1/1984,11.53
8/8/1984,11.59
8/15/1984,11.63
8/22/1984,11.77
8/29/1984,11.5
9/5/1984,11.68
9/12/1984,11.52
9/19/1984,11.46
9/26/1984,10.73
10/3/1984,11.2
10/10/1984,10.01
10/17/1984,10.22
10/24/1984,9.45
10/31/1984,9.73
11/7/1984,9.87
11/14/1984,9.55
11/21/1984,9.47
11/28/1984,9
12/5/1984,8.83
12/12/1984,8.7
12/19/1984,7.99
12/26/1984,7.95
1/2/1985,8.75
1/9/1985,8.27
1/16/1985,8.23
1/23/1985,8.19
1/30/1985,8.45
2/6/1985,8.59
2/13/1985,8.44
2/20/1985,8.57
2/27/1985,8.4
3/6/1985,8.63
3/13/1985,8.52
3/20/1985,8.75
3/27/1985,8.38
4/3/1985,8.68
4/10/1985,8.45
4/17/1985,8.46
4/24/1985,7.69
5/1/1985,8.35
5/8/1985,8.19
5/15/1985,8.14
5/22/1985,7.91
5/29/1985,7.6
6/5/1985,7.75
6/12/1985,7.62
6/19/1985,7.13
6/26/1985,7.46
7/3/1985,8.06
7/10/1985,8.07
7/17/1985,7.77
7/24/1985,7.88
7/31/1985,7.64
8/7/1985,7.92
8/14/1985,7.88
8/21/1985,8.06
8/28/1985,7.78
9/4/1985,7.88
9/11/1985,7.8
9/18/1985,7.85
9/25/1985,7.96
10/2/1985,8.12
10/9/1985,7.84
10/16/1985,8.03
10/23/1985,8.14
10/30/1985,7.89
11/6/1985,8.3
11/13/1985,7.95
11/20/1985,8.13
11/27/1985,7.71
12/4/1985,8.49
12/11/1985,8.03
12/18/1985,8.05
12/25/1985,8.02
1/1/1986,9.55
1/8/1986,8.2
1/15/1986,7.94
1/22/1986,7.87
1/29/1986,7.83
2/5/1986,7.97
2/12/1986,7.85
2/19/1986,7.84
2/26/1986,7.82
3/5/1986,7.89
3/12/1986,7.52
3/19/1986,7.47
3/26/1986,7.25
4/2/1986,7.39
4/9/1986,7.05
4/16/1986,6.97
4/23/1986,6.92
4/30/1986,6.88
5/7/1986,6.87
5/14/1986,6.82
5/21/1986,6.87
5/28/1986,6.85
6/4/1986,6.95
6/11/1986,6.89
6/18/1986,6.87
6/25/1986,6.86
7/2/1986,7.02
7/9/1986,6.87
7/16/1986,6.51
7/23/1986,6.42
7/30/1986,6.32
8/6/1986,6.36
8/13/1986,6.31
8/20/1986,6.38
8/27/1986,5.87
9/3/1986,5.83
9/10/1986,5.82
9/17/1986,5.88
9/24/1986,5.81
10/1/1986,6.08
10/8/1986,5.75
10/15/1986,5.83
10/22/1986,5.91
10/29/1986,5.86
11/5/1986,6.02
11/12/1986,5.98
11/19/1986,6.13
11/26/1986,6
12/3/1986,6.25
12/10/1986,5.97
12/17/1986,6.3
12/24/1986,6.31
12/31/1986,9.2
1/7/1987,7.62
1/14/1987,6.01
1/21/1987,6.01
1/28/1987,6.13
2/4/1987,6.22
2/11/1987,6.14
2/18/1987,6.21
2/25/1987,5.95
3/4/1987,6.06
3/11/1987,6.12
3/18/1987,6.08
3/25/1987,6.14
4/1/1987,6.21
4/8/1987,6.13
4/15/1987,6.41
4/22/1987,6.26
4/29/1987,6.5
5/6/1987,7.3
5/13/1987,6.75
5/20/1987,6.77
5/27/1987,6.8
6/3/1987,6.65
6/10/1987,6.7
6/17/1987,6.75
6/24/1987,6.79
7/1/1987,6.61
7/8/1987,6.64
7/15/1987,6.52
7/22/1987,6.57
7/29/1987,6.63
8/5/1987,6.75
8/12/1987,6.58
8/19/1987,6.74
8/26/1987,6.76
9/2/1987,6.85
9/9/1987,6.95
9/16/1987,7.21
9/23/1987,7.26
9/30/1987,7.56
10/7/1987,7.43
10/14/1987,7.59
10/21/1987,7.37
10/28/1987,7.03
11/4/1987,6.43
11/11/1987,6.68
11/18/1987,6.77
11/25/1987,6.78
12/2/1987,6.89
12/9/1987,6.84
12/16/1987,6.58
12/23/1987,6.75
12/30/1987,6.81
1/6/1988,7.02
1/13/1988,6.81
1/20/1988,6.89
1/27/1988,6.66
2/3/1988,6.77
2/10/1988,6.38
2/17/1988,6.65
2/24/1988,6.64
3/2/1988,6.6
3/9/1988,6.51
3/16/1988,6.61
3/23/1988,6.51
3/30/1988,6.62
4/6/1988,6.82
4/13/1988,6.81
4/20/1988,6.93
4/27/1988,6.85
5/4/1988,6.82
5/11/1988,7.02
5/18/1988,7.04
5/25/1988,7.14
6/1/1988,7.41
6/8/1988,7.37
6/15/1988,7.43
6/22/1988,7.54
6/29/1988,7.63
7/6/1988,7.81
7/13/1988,7.59
7/20/1988,7.83
7/27/1988,7.8
8/3/1988,7.84
8/10/1988,7.75
8/17/1988,8.19
8/24/1988,8.02
8/31/1988,8.15
9/7/1988,8.15
9/14/1988,8.13
9/21/1988,8.17
9/28/1988,8.24
10/5/1988,8.38
10/12/1988,8.27
10/19/1988,8.27
10/26/1988,8.29
11/2/1988,8.36
11/9/1988,8.31
11/16/1988,8.26
11/23/1988,8.33
11/30/1988,8.44
12/7/1988,8.59
12/14/1988,8.51
12/21/1988,8.87
12/28/1988,8.86
1/4/1989,9.22
1/11/1989,9.08
1/18/1989,9.13
1/25/1989,9.06
2/1/1989,9.16
2/8/1989,9.1
2/15/1989,9.27
2/22/1989,9.39
3/1/1989,9.8
3/8/1989,9.83
3/15/1989,9.83
3/22/1989,9.86
3/29/1989,9.88
4/5/1989,9.71
4/12/1989,9.82
4/19/1989,9.95
4/26/1989,9.86
5/3/1989,9.88
5/10/1989,9.86
5/17/1989,9.75
5/24/1989,9.74
5/31/1989,9.84
6/7/1989,9.68
6/14/1989,9.35
6/21/1989,9.48
6/28/1989,9.58
7/5/1989,9.58
7/12/1989,9.31
7/19/1989,9.24
7/26/1989,9.14
8/2/1989,8.95
8/9/1989,8.98
8/16/1989,9.04
8/23/1989,9.01
8/30/1989,8.96
9/6/1989,8.96
9/13/1989,8.96
9/20/1989,9.05
9/27/1989,9.02
10/4/1989,9.18
10/11/1989,8.93
10/18/1989,8.76
10/25/1989,8.72
11/1/1989,8.8
11/8/1989,8.69
11/15/1989,8.46
11/22/1989,8.46
11/29/1989,8.51
12/6/1989,8.52
12/13/1989,8.47
12/20/1989,8.52
12/27/1989,8.38
1/3/1990,8.32
1/10/1990,8.22
1/17/1990,8.2
1/24/1990,8.23
1/31/1990,8.24
2/7/1990,8.22
2/14/1990,8.21
2/21/1990,8.25
2/28/1990,8.27
3/7/1990,8.28
3/14/1990,8.27
3/21/1990,8.27
3/28/1990,8.26
4/4/1990,8.33
4/11/1990,8.25
4/18/1990,8.27
4/25/1990,8.24
5/2/1990,8.12
5/9/1990,8.2
5/16/1990,8.16
5/23/1990,8.22
5/30/1990,8.19
6/6/1990,8.26
6/13/1990,8.3
6/20/1990,8.28
6/27/1990,8.28
7/4/1990,8.33
7/11/1990,8.28
7/18/1990,8.14
7/25/1990,8.05
8/1/1990,8.03
8/8/1990,8.07
8/15/1990,8.13
8/22/1990,8.3
8/29/1990,8.08
9/5/1990,8.25
9/12/1990,8.12
9/19/1990,8.18
9/26/1990,8.26
10/3/1990,8.23
10/10/1990,8.2
10/17/1990,7.96
10/24/1990,7.99
10/31/1990,8.17
11/7/1990,7.97
11/14/1990,7.94
11/21/1990,7.8
11/28/1990,7.56
12/5/1990,7.6
12/12/1990,7.25
12/19/1990,7.29
12/26/1990,7.16
1/2/1991,7.17
1/9/1991,6.4
1/16/1991,6.77
1/23/1991,6.88
1/30/1991,7.46
2/6/1991,6.32
2/13/1991,6.29
2/20/1991,6.26
2/27/1991,6.31
3/6/1991,6.47
3/13/1991,6.17
3/20/1991,6.1
3/27/1991,6.1
4/3/1991,6
4/10/1991,5.9
4/17/1991,5.69
4/24/1991,5.92
5/1/1991,5.92
5/8/1991,5.79
5/15/1991,5.78
5/22/1991,5.79
5/29/1991,5.72
6/5/1991,5.91
6/12/1991,5.75
6/19/1991,5.78
6/26/1991,5.79
7/3/1991,6.34
7/10/1991,5.79
7/17/1991,5.85
7/24/1991,5.75
7/31/1991,5.79
8/7/1991,5.83
8/14/1991,5.62
8/21/1991,5.68
8/28/1991,5.58
9/4/1991,5.6
9/11/1991,5.56
9/18/1991,5.44
9/25/1991,5.29
10/2/1991,5.33
10/9/1991,5.19
10/16/1991,5.28
10/23/1991,5.24
10/30/1991,5.1
11/6/1991,5.05
11/13/1991,4.74
11/20/1991,4.89
11/27/1991,4.68
12/4/1991,4.79
12/11/1991,4.54
12/18/1991,4.49
12/25/1991,4.22
1/1/1992,4.19
1/8/1992,4.19
1/15/1992,4.01
1/22/1992,3.87
1/29/1992,4.01
2/5/1992,4.17
2/12/1992,3.93
2/19/1992,4.2
2/26/1992,3.96
3/4/1992,4.08
3/11/1992,3.95
3/18/1992,4.04
3/25/1992,3.94
4/1/1992,4.09
4/8/1992,3.98
4/15/1992,3.65
4/22/1992,3.47
4/29/1992,3.65
5/6/1992,3.77
5/13/1992,3.84
5/20/1992,3.89
5/27/1992,3.8
6/3/1992,3.85
6/10/1992,3.69
6/17/1992,3.73
6/24/1992,3.72
7/1/1992,3.87
7/8/1992,3.24
7/15/1992,3.28
7/22/1992,3.22
7/29/1992,3.18
8/5/1992,3.33
8/12/1992,3.24
8/19/1992,3.33
8/26/1992,3.27
9/2/1992,3.33
9/9/1992,3.09
9/16/1992,3.28
9/23/1992,3.07
9/30/1992,3.41
10/7/1992,3.2
10/14/1992,3.2
10/21/1992,3.05
10/28/1992,2.96
11/4/1992,3.07
11/11/1992,2.91
11/18/1992,2.97
11/25/1992,3.1
12/2/1992,3.37
12/9/1992,2.94
12/16/1992,2.93
12/23/1992,2.94
12/30/1992,2.86
1/6/1993,3.03
1/13/1993,2.98
1/20/1993,3.1
1/27/1993,2.94
2/3/1993,3.15
2/10/1993,2.92
2/17/1993,3.06
2/24/1993,2.91
3/3/1993,3.24
3/10/1993,3.02
3/17/1993,3.04
3/24/1993,2.93
3/31/1993,3.18
4/7/1993,3.11
4/14/1993,2.93
4/21/1993,2.91
4/28/1993,2.87
5/5/1993,2.98
5/12/1993,2.9
5/19/1993,3.01
5/26/1993,3.07
6/2/1993,3.09
6/9/1993,2.96
6/16/1993,3.01
6/23/1993,3
6/30/1993,3.13
7/7/1993,3.1
7/14/1993,3.01
7/21/1993,3.09
7/28/1993,3.03
8/4/1993,3.1
8/11/1993,2.98
8/18/1993,3.06
8/25/1993,2.98
9/1/1993,3.08
9/8/1993,2.99
9/15/1993,3.03
9/22/1993,3.12
9/29/1993,3.05
10/6/1993,3.24
10/13/1993,2.91
10/20/1993,2.97
10/27/1993,2.97
11/3/1993,3.04
11/10/1993,2.96
11/17/1993,3.03
11/24/1993,2.98
12/1/1993,3.09
12/8/1993,2.92
12/15/1993,2.94
12/22/1993,2.99
12/29/1993,2.99
1/5/1994,3
1/12/1994,2.98
1/19/1994,3.13
1/26/1994,2.97
2/2/1994,3.17
2/9/1994,3.2
2/16/1994,3.25
2/23/1994,3.25
3/2/1994,3.28
3/9/1994,3.25
3/16/1994,3.19
3/23/1994,3.31
3/30/1994,3.49
4/6/1994,3.69
4/13/1994,3.37
4/20/1994,3.59
4/27/1994,3.59
5/4/1994,3.76
5/11/1994,3.7
5/18/1994,4.02
5/25/1994,4.22
6/1/1994,4.27
6/8/1994,4.13
6/15/1994,4.21
6/22/1994,4.19
6/29/1994,4.19
7/6/1994,4.38
7/13/1994,4.3
7/20/1994,4.3
7/27/1994,4.28
8/3/1994,4.28
8/10/1994,4.26
8/17/1994,4.35
8/24/1994,4.66
8/31/1994,4.72
9/7/1994,4.74
9/14/1994,4.7
9/21/1994,4.73
9/28/1994,4.66
10/5/1994,5.07
10/12/1994,4.62
10/19/1994,4.72
10/26/1994,4.72
11/2/1994,4.77
11/9/1994,4.74
11/16/1994,5.22
11/23/1994,5.53
11/30/1994,5.85
12/7/1994,5.47
12/14/1994,5.48
12/21/1994,5.56
12/28/1994,5.45
1/4/1995,5.4
1/11/1995,5.53
1/18/1995,5.45
1/25/1995,5.42
2/1/1995,5.63
2/8/1995,5.95
2/15/1995,5.93
2/22/1995,5.94
3/1/1995,5.88
3/8/1995,5.93
3/15/1995,5.94
3/22/1995,5.97
3/29/1995,6.06
4/5/1995,6.2
4/12/1995,5.98
4/19/1995,6.07
4/26/1995,5.99
5/3/1995,6.05
5/10/1995,6
5/17/1995,6.02
5/24/1995,5.99
5/31/1995,6.02
6/7/1995,6.03
6/14/1995,6.02
6/21/1995,6
6/28/1995,5.95
7/5/1995,6.21
7/12/1995,5.81
7/19/1995,5.72
7/26/1995,5.75
8/2/1995,5.83
8/9/1995,5.73
8/16/1995,5.74
8/23/1995,5.7
8/30/1995,5.71
9/6/1995,5.77
9/13/1995,5.73
9/20/1995,5.78
9/27/1995,5.8
10/4/1995,6
10/11/1995,5.72
10/18/1995,5.71
10/25/1995,5.76
11/1/1995,5.76
11/8/1995,5.71
11/15/1995,5.74
11/22/1995,5.81
11/29/1995,5.91
12/6/1995,5.75
12/13/1995,5.73
12/20/1995,5.9
12/27/1995,5.48
1/3/1996,5.35
1/10/1996,5.53
1/17/1996,5.61
1/24/1996,5.44
1/31/1996,5.53
2/7/1996,5.21
2/14/1996,5.09
2/21/1996,5.17
2/28/1996,5.31
3/6/1996,5.57
3/13/1996,5.24
3/20/1996,5.36
3/27/1996,5.22
4/3/1996,5.3
4/10/1996,5.08
4/17/1996,5.24
4/24/1996,5.24
5/1/1996,5.3
5/8/1996,5.22
5/15/1996,5.26
5/22/1996,5.22
5/29/1996,5.19
6/5/1996,5.33
6/12/1996,5.24
6/19/1996,5.45
6/26/1996,5.21
7/3/1996,5.53
7/10/1996,5.26
7/17/1996,5.23
7/24/1996,5.25
7/31/1996,5.53
8/7/1996,5.38
8/14/1996,5.1
8/21/1996,5.18
8/28/1996,5.21
9/4/1996,5.39
9/11/1996,5.16
9/18/1996,5.22
9/25/1996,5.34
10/2/1996,5.4
10/9/1996,5.14
10/16/1996,5.22
10/23/1996,5.22
10/30/1996,5.27
11/6/1996,5.32
11/13/1996,5.21
11/20/1996,5.41
11/27/1996,5.3
12/4/1996,5.52
12/11/1996,5.22
12/18/1996,5.38
12/25/1996,5.18
1/1/1997,5.37
1/8/1997,5.28
1/15/1997,5.19
1/22/1997,5.19
1/29/1997,5.18
2/5/1997,5.3
2/12/1997,5.05
2/19/1997,5.22
2/26/1997,5.16
3/5/1997,5.36
3/12/1997,5.19
3/19/1997,5.26
3/26/1997,5.4
4/2/1997,5.86
4/9/1997,5.37
4/16/1997,5.48
4/23/1997,5.48
4/30/1997,5.61
5/7/1997,5.55
5/14/1997,5.49
5/21/1997,5.52
5/28/1997,5.43
6/4/1997,5.54
6/11/1997,5.48
6/18/1997,5.62
6/25/1997,5.42
7/2/1997,5.82
7/9/1997,5.48
7/16/1997,5.44
7/23/1997,5.43
7/30/1997,5.57
8/6/1997,5.62
8/13/1997,5.45
8/20/1997,5.59
8/27/1997,5.56
9/3/1997,5.64
9/10/1997,5.48
9/17/1997,5.58
9/24/1997,5.45
10/1/1997,5.58
10/8/1997,5.46
10/15/1997,5.45
10/22/1997,5.54
10/29/1997,5.5
11/5/1997,5.6
11/12/1997,5.5
11/19/1997,5.51
11/26/1997,5.49
12/3/1997,5.58
12/10/1997,5.4
12/17/1997,5.66
12/24/1997,5.44
12/31/1997,5.45
1/7/1998,5.74
1/14/1998,5.45
1/21/1998,5.53
1/28/1998,5.53
2/4/1998,5.52
2/11/1998,5.43
2/18/1998,5.54
2/25/1998,5.51
3/4/1998,5.6
3/11/1998,5.45
3/18/1998,5.47
3/25/1998,5.43
4/1/1998,5.6
4/8/1998,5.48
4/15/1998,5.47
4/22/1998,5.37
4/29/1998,5.4
5/6/1998,5.35
5/13/1998,5.49
5/20/1998,5.6
5/27/1998,5.45
6/3/1998,5.63
6/10/1998,5.43
6/17/1998,5.58
6/24/1998,5.42
7/1/1998,5.88
7/8/1998,5.47
7/15/1998,5.49
7/22/1998,5.5
7/29/1998,5.54
8/5/1998,5.61
8/12/1998,5.5
8/19/1998,5.59
8/26/1998,5.48
9/2/1998,5.61
9/9/1998,5.47
9/16/1998,5.54
9/23/1998,5.42
9/30/1998,5.58
10/7/1998,5.22
10/14/1998,5.14
10/21/1998,4.87
10/28/1998,4.95
11/4/1998,5.22
11/11/1998,4.8
11/18/1998,4.89
11/25/1998,4.54
12/2/1998,4.86
12/9/1998,4.68
12/16/1998,4.97
12/23/1998,4.69
12/30/1998,4.48
1/6/1999,4.3
1/13/1999,4.75
1/20/1999,4.64
1/27/1999,4.66
2/3/1999,4.75
2/10/1999,4.77
2/17/1999,4.75
2/24/1999,4.75
3/3/1999,4.85
3/10/1999,4.8
3/17/1999,4.79
3/24/1999,4.79
3/31/1999,4.84
4/7/1999,4.8
4/14/1999,4.68
4/21/1999,4.61
4/28/1999,4.79
5/5/1999,4.9
5/12/1999,4.7
5/19/1999,4.76
5/26/1999,4.73
6/2/1999,4.65
6/9/1999,4.71
6/16/1999,4.73
6/23/1999,4.71
6/30/1999,4.95
7/7/1999,5
7/14/1999,4.97
7/21/1999,4.96
7/28/1999,5.01
8/4/1999,5.06
8/11/1999,4.96
8/18/1999,5.03
8/25/1999,5.02
9/1/1999,5.34
9/8/1999,5.16
9/15/1999,5.24
9/22/1999,5.16
9/29/1999,5.27
10/6/1999,5.27
10/13/1999,5.17
10/20/1999,5.18
10/27/1999,5.18
11/3/1999,5.27
11/10/1999,5.2
11/17/1999,5.44
11/24/1999,5.52
12/1/1999,5.63
12/8/1999,5.45
12/15/1999,5.44
12/22/1999,5.46
12/29/1999,5.01
1/5/2000,4.72
1/12/2000,5.62
1/19/2000,5.59
1/26/2000,5.43
2/2/2000,5.66
2/9/2000,5.71
2/16/2000,5.75
2/23/2000,5.72
3/1/2000,5.77
3/8/2000,5.73
3/15/2000,5.79
3/22/2000,5.81
3/29/2000,6.01
4/5/2000,6.12
4/12/2000,5.98
4/19/2000,6.04
4/26/2000,5.97
5/3/2000,6.06
5/10/2000,5.96
5/17/2000,6.16
5/24/2000,6.5
5/31/2000,6.53
6/7/2000,6.49
6/14/2000,6.5
6/21/2000,6.51
6/28/2000,6.53
7/5/2000,6.85
7/12/2000,6.44
7/19/2000,6.5
7/26/2000,6.5
8/2/2000,6.49
8/9/2000,6.45
8/16/2000,6.53
8/23/2000,6.46
8/30/2000,6.54
9/6/2000,6.56
9/13/2000,6.5
9/20/2000,6.5
9/27/2000,6.5
10/4/2000,6.58
10/11/2000,6.47
10/18/2000,6.49
10/25/2000,6.51
11/1/2000,6.55
11/8/2000,6.49
11/15/2000,6.52
11/22/2000,6.51
11/29/2000,6.5
12/6/2000,6.57
12/13/2000,6.47
12/20/2000,6.53
12/27/2000,6.48
1/3/2001,5.88
1/10/2001,5.91
1/17/2001,6.02
1/24/2001,5.96
1/31/2001,5.94
2/7/2001,5.51
2/14/2001,5.47
2/21/2001,5.5
2/28/2001,5.5
3/7/2001,5.49
3/14/2001,5.46
3/21/2001,5.33
3/28/2001,5
4/4/2001,5.21
4/11/2001,4.96
4/18/2001,4.98
4/25/2001,4.42
5/2/2001,4.53
5/9/2001,4.43
5/16/2001,4.37
5/23/2001,3.98
5/30/2001,3.98
6/6/2001,4.08
6/13/2001,4
6/20/2001,3.95
6/27/2001,3.91
7/4/2001,3.89
7/11/2001,3.67
7/18/2001,3.76
7/25/2001,3.81
8/1/2001,3.79
8/8/2001,3.7
8/15/2001,3.75
8/22/2001,3.63
8/29/2001,3.52
9/5/2001,3.63
9/12/2001,3.49
9/19/2001,2.47
9/26/2001,2.99
10/3/2001,2.71
10/10/2001,2.44
10/17/2001,2.44
10/24/2001,2.49
10/31/2001,2.55
11/7/2001,2.36
11/14/2001,2.03
11/21/2001,2.01
11/28/2001,1.95
12/5/2001,2.02
12/12/2001,1.88
12/19/2001,1.84
12/26/2001,1.77
1/2/2002,1.63
1/9/2002,1.64
1/16/2002,1.74
1/23/2002,1.74
1/30/2002,1.78
2/6/2002,1.74
2/13/2002,1.72
2/20/2002,1.75
2/27/2002,1.75
3/6/2002,1.74
3/13/2002,1.71
3/20/2002,1.76
3/27/2002,1.7
4/3/2002,1.77
4/10/2002,1.71
4/17/2002,1.78
4/24/2002,1.7
5/1/2002,1.81
5/8/2002,1.74
5/15/2002,1.75
5/22/2002,1.71
5/29/2002,1.78
6/5/2002,1.78
6/12/2002,1.74
6/19/2002,1.75
6/26/2002,1.75
7/3/2002,1.75
7/10/2002,1.73
7/17/2002,1.74
7/24/2002,1.72
7/31/2002,1.72
8/7/2002,1.74
8/14/2002,1.72
8/21/2002,1.73
8/28/2002,1.76
9/4/2002,1.81
9/11/2002,1.73
9/18/2002,1.73
9/25/2002,1.72
10/2/2002,1.8
10/9/2002,1.73
10/16/2002,1.75
10/23/2002,1.72
10/30/2002,1.79
11/6/2002,1.7
11/13/2002,1.21
11/20/2002,1.28
11/27/2002,1.27
12/4/2002,1.24
12/11/2002,1.23
12/18/2002,1.27
12/25/2002,1.23
1/1/2003,1.2
1/8/2003,1.2
1/15/2003,1.26
1/22/2003,1.23
1/29/2003,1.24
2/5/2003,1.29
2/12/2003,1.22
2/19/2003,1.3
2/26/2003,1.24
3/5/2003,1.29
3/12/2003,1.21
3/19/2003,1.27
3/26/2003,1.22
4/2/2003,1.28
4/9/2003,1.23
4/16/2003,1.27
4/23/2003,1.26
4/30/2003,1.28
5/7/2003,1.26
5/14/2003,1.25
5/21/2003,1.27
5/28/2003,1.24
6/4/2003,1.26
6/11/2003,1.24
6/18/2003,1.25
6/25/2003,1.21
7/2/2003,1.13
7/9/2003,0.96
7/16/2003,1.02
7/23/2003,1.01
7/30/2003,1.04
8/6/2003,0.97
8/13/2003,0.98
8/20/2003,1.18
8/27/2003,1
9/3/2003,1.01
9/10/2003,0.96
9/17/2003,1.02
9/24/2003,1
10/1/2003,1.07
10/8/2003,0.99
10/15/2003,1.03
10/22/2003,1
10/29/2003,1
11/5/2003,1.01
11/12/2003,0.99
11/19/2003,0.99
11/26/2003,0.99
12/3/2003,1
12/10/2003,0.98
12/17/2003,1
12/24/2003,0.99
12/31/2003,0.96
1/7/2004,0.97
1/14/2004,0.99
1/21/2004,1
1/28/2004,1.02
2/4/2004,1.01
2/11/2004,1
2/18/2004,1.01
2/25/2004,1
3/3/2004,1.03
3/10/2004,1
3/17/2004,1
3/24/2004,0.99
3/31/2004,1.01
4/7/2004,1.01
4/14/2004,1.01
4/21/2004,1
4/28/2004,1
5/5/2004,1.02
5/12/2004,0.99
5/19/2004,1.02
5/26/2004,0.99
6/2/2004,1.01
6/9/2004,0.99
6/16/2004,1.01
6/23/2004,1
6/30/2004,1.11
7/7/2004,1.28
7/14/2004,1.25
7/21/2004,1.25
7/28/2004,1.26
8/4/2004,1.27
8/11/2004,1.36
8/18/2004,1.42
8/25/2004,1.51
9/1/2004,1.53
9/8/2004,1.5
9/15/2004,1.49
9/22/2004,1.64
9/29/2004,1.76
10/6/2004,1.82
10/13/2004,1.73
10/20/2004,1.76
10/27/2004,1.74
11/3/2004,1.78
11/10/2004,1.79
11/17/2004,2
11/24/2004,2
12/1/2004,2.02
12/8/2004,2
12/15/2004,2.15
12/22/2004,2.24
12/29/2004,2.27
1/5/2005,2.14
1/12/2005,2.25
1/19/2005,2.28
1/26/2005,2.27
2/2/2005,2.43
2/9/2005,2.5
2/16/2005,2.5
2/23/2005,2.52
3/2/2005,2.51
3/9/2005,2.5
3/16/2005,2.55
3/23/2005,2.71
3/30/2005,2.77
4/6/2005,2.81
4/13/2005,2.76
4/20/2005,2.78
4/27/2005,2.74
5/4/2005,2.96
5/11/2005,2.99
5/18/2005,3.01
5/25/2005,3.01
6/1/2005,3.02
6/8/2005,2.98
6/15/2005,3.02
6/22/2005,2.98
6/29/2005,3.11
7/6/2005,3.29
7/13/2005,3.22
7/20/2005,3.26
7/27/2005,3.26
8/3/2005,3.29
8/10/2005,3.48
8/17/2005,3.54
8/24/2005,3.52
8/31/2005,3.55
9/7/2005,3.51
9/14/2005,3.49
9/21/2005,3.65
9/28/2005,3.77
10/5/2005,3.85
10/12/2005,3.68
10/19/2005,3.76
10/26/2005,3.76
11/2/2005,3.94
11/9/2005,4
11/16/2005,3.98
11/23/2005,4
11/30/2005,4.02
12/7/2005,4
12/14/2005,4.19
12/21/2005,4.24
12/28/2005,4.22
1/4/2006,4.16
1/11/2006,4.23
1/18/2006,4.29
1/25/2006,4.26
2/1/2006,4.44
2/8/2006,4.5
2/15/2006,4.49
2/22/2006,4.49
3/1/2006,4.5
3/8/2006,4.51
3/15/2006,4.51
3/22/2006,4.57
3/29/2006,4.7
4/5/2006,4.88
4/12/2006,4.76
4/19/2006,4.77
4/26/2006,4.74
5/3/2006,4.83
5/10/2006,4.84
5/17/2006,5
5/24/2006,4.98
5/31/2006,5.01
6/7/2006,4.99
6/14/2006,5
6/21/2006,4.95
6/28/2006,5
7/5/2006,5.14
7/12/2006,5.24
7/19/2006,5.25
7/26/2006,5.24
8/2/2006,5.27
8/9/2006,5.25
8/16/2006,5.23
8/23/2006,5.24
8/30/2006,5.25
9/6/2006,5.25
9/13/2006,5.23
9/20/2006,5.24
9/27/2006,5.27
10/4/2006,5.3
10/11/2006,5.23
10/18/2006,5.23
10/25/2006,5.24
11/1/2006,5.25
11/8/2006,5.24
11/15/2006,5.25
11/22/2006,5.24
11/29/2006,5.26
12/6/2006,5.25
12/13/2006,5.24
12/20/2006,5.25
12/27/2006,5.24
1/3/2007,5.22
1/10/2007,5.23
1/17/2007,5.24
1/24/2007,5.25
1/31/2007,5.27
2/7/2007,5.25
2/14/2007,5.26
2/21/2007,5.25
2/28/2007,5.28
3/7/2007,5.25
3/14/2007,5.25
3/21/2007,5.26
3/28/2007,5.26
4/4/2007,5.26
4/11/2007,5.28
4/18/2007,5.24
4/25/2007,5.23
5/2/2007,5.25
5/9/2007,5.23
5/16/2007,5.27
5/23/2007,5.24
5/30/2007,5.28
6/6/2007,5.24
6/13/2007,5.26
6/20/2007,5.25
6/27/2007,5.25
7/4/2007,5.28
7/11/2007,5.23
7/18/2007,5.27
7/25/2007,5.26
8/1/2007,5.27
8/8/2007,5.25
8/15/2007,4.79
8/22/2007,4.91
8/29/2007,5.11
9/5/2007,5.03
9/12/2007,4.98
9/19/2007,5.12
9/26/2007,4.78
10/3/2007,4.72
10/10/2007,4.75
10/17/2007,4.74
10/24/2007,4.73
10/31/2007,4.78
11/7/2007,4.33
11/14/2007,4.54
11/21/2007,4.51
11/28/2007,4.53
12/5/2007,4.55
12/12/2007,4.39
12/19/2007,4.21
12/26/2007,4.21
1/2/2008,3.77
1/9/2008,4.23
1/16/2008,4.24
1/23/2008,4
1/30/2008,3.5
2/6/2008,3.01
2/13/2008,3
2/20/2008,2.98
2/27/2008,2.96
3/5/2008,3
3/12/2008,2.97
3/19/2008,2.7
3/26/2008,2.18
4/2/2008,2.23
4/9/2008,2.23
4/16/2008,2.34
4/23/2008,2.25
4/30/2008,2.28
5/7/2008,1.94
5/14/2008,1.96
5/21/2008,1.96
5/28/2008,2.05
6/4/2008,1.99
6/11/2008,1.99
6/18/2008,1.98
6/25/2008,1.97
7/2/2008,2.08
7/9/2008,1.95
7/16/2008,2.01
7/23/2008,1.99
7/30/2008,2.08
8/6/2008,2.02
8/13/2008,1.99
8/20/2008,2.02
8/27/2008,1.99
9/3/2008,1.96
9/10/2008,1.99
9/17/2008,2.25
9/24/2008,1.54
10/1/2008,1.32
10/8/2008,1.59
10/15/2008,0.96
10/22/2008,0.69
10/29/2008,0.82
11/5/2008,0.24
11/12/2008,0.28
11/19/2008,0.36
11/26/2008,0.56
12/3/2008,0.49
12/10/2008,0.13
12/17/2008,0.15
12/24/2008,0.11
12/31/2008,0.1
1/7/2009,0.1
1/14/2009,0.1
1/21/2009,0.2
1/28/2009,0.19
2/4/2009,0.23
2/11/2009,0.23
2/18/2009,0.23
2/25/2009,0.2
3/4/2009,0.22
3/11/2009,0.2
3/18/2009,0.17
3/25/2009,0.17
4/1/2009,0.16
4/8/2009,0.14
4/15/2009,0.15
4/22/2009,0.14
4/29/2009,0.17
5/6/2009,0.21
5/13/2009,0.17
5/20/2009,0.16
5/27/2009,0.17
6/3/2009,0.19
6/10/2009,0.2
6/17/2009,0.19
6/24/2009,0.24
7/1/2009,0.19
7/8/2009,0.17
7/15/2009,0.14
7/22/2009,0.15
7/29/2009,0.15
8/5/2009,0.18
8/12/2009,0.17
8/19/2009,0.16
8/26/2009,0.16
9/2/2009,0.15
9/9/2009,0.15
9/16/2009,0.16
9/23/2009,0.16
9/30/2009,0.12
10/7/2009,0.13
10/14/2009,0.12
10/21/2009,0.12
10/28/2009,0.11
11/4/2009,0.12
11/11/2009,0.12
11/18/2009,0.12
11/25/2009,0.11
12/2/2009,0.12
12/9/2009,0.12
12/16/2009,0.12
12/23/2009,0.12
12/30/2009,0.11
1/6/2010,0.08
1/13/2010,0.11
1/20/2010,0.12
1/27/2010,0.12
2/3/2010,0.13
2/10/2010,0.13
2/17/2010,0.12
2/24/2010,0.12
3/3/2010,0.13
3/10/2010,0.16
3/17/2010,0.18
3/24/2010,0.18
3/31/2010,0.16
4/7/2010,0.19
4/14/2010,0.19
4/21/2010,0.21
4/28/2010,0.2
5/5/2010,0.2
5/12/2010,0.2
5/19/2010,0.2
5/26/2010,0.2
6/2/2010,0.19
6/9/2010,0.19
6/16/2010,0.18
6/23/2010,0.18
6/30/2010,0.15
7/7/2010,0.18
7/14/2010,0.17
7/21/2010,0.19
7/28/2010,0.19
8/4/2010,0.19
8/11/2010,0.18
8/18/2010,0.19
8/25/2010,0.19
9/1/2010,0.19
9/8/2010,0.19
9/15/2010,0.19
9/22/2010,0.21
9/29/2010,0.2
10/6/2010,0.19
10/13/2010,0.18
10/20/2010,0.19
10/27/2010,0.19
11/3/2010,0.2
11/10/2010,0.18
11/17/2010,0.19
11/24/2010,0.2
12/1/2010,0.2
12/8/2010,0.18
12/15/2010,0.17
12/22/2010,0.2
12/29/2010,0.19
1/5/2011,0.16
1/12/2011,0.17
1/19/2011,0.17
1/26/2011,0.17
2/2/2011,0.17
2/9/2011,0.17
2/16/2011,0.15
2/23/2011,0.15
3/2/2011,0.15
3/9/2011,0.15
3/16/2011,0.14
3/23/2011,0.14
3/30/2011,0.13
4/6/2011,0.1
4/13/2011,0.09
4/20/2011,0.11
4/27/2011,0.1
5/4/2011,0.09
5/11/2011,0.09
5/18/2011,0.09
5/25/2011,0.1
6/1/2011,0.1
6/8/2011,0.1
6/15/2011,0.09
6/22/2011,0.1
6/29/2011,0.08
7/6/2011,0.08
7/13/2011,0.07
7/20/2011,0.06
7/27/2011,0.06
8/3/2011,0.12
8/10/2011,0.09
8/17/2011,0.1
8/24/2011,0.09
8/31/2011,0.09
9/7/2011,0.08
9/14/2011,0.09
9/21/2011,0.09
9/28/2011,0.08
10/5/2011,0.07
10/12/2011,0.07
10/19/2011,0.07
10/26/2011,0.07
11/2/2011,0.08
11/9/2011,0.08
11/16/2011,0.08
11/23/2011,0.08
11/30/2011,0.08
12/7/2011,0.08
12/14/2011,0.07
12/21/2011,0.07
12/28/2011,0.08
1/4/2012,0.05
1/11/2012,0.07
1/18/2012,0.09
1/25/2012,0.09
2/1/2012,0.09
2/8/2012,0.11
2/15/2012,0.12
2/22/2012,0.09
2/29/2012,0.09
3/7/2012,0.11
3/14/2012,0.12
3/21/2012,0.15
3/28/2012,0.14
4/4/2012,0.12
4/11/2012,0.14
4/18/2012,0.15
4/25/2012,0.13
5/2/2012,0.14
5/9/2012,0.16
5/16/2012,0.15
5/23/2012,0.16
5/30/2012,0.15
6/6/2012,0.16
6/13/2012,0.17
6/20/2012,0.17
6/27/2012,0.17
7/4/2012,0.13
7/11/2012,0.17
7/18/2012,0.18
7/25/2012,0.14
8/1/2012,0.14
8/8/2012,0.14
8/15/2012,0.13
8/22/2012,0.13
8/29/2012,0.13
9/5/2012,0.14
9/12/2012,0.15
9/19/2012,0.16
9/26/2012,0.15
10/3/2012,0.13
10/10/2012,0.15
10/17/2012,0.16
10/24/2012,0.16
10/31/2012,0.17
11/7/2012,0.16
11/14/2012,0.16
11/21/2012,0.16
11/28/2012,0.16
12/5/2012,0.16
12/12/2012,0.16
12/19/2012,0.17
12/26/2012,0.17
1/2/2013,0.15
1/9/2013,0.16
1/16/2013,0.14
1/23/2013,0.14
1/30/2013,0.14
2/6/2013,0.14
2/13/2013,0.14
2/20/2013,0.15
2/27/2013,0.15
3/6/2013,0.15
3/13/2013,0.15
3/20/2013,0.16
3/27/2013,0.15
4/3/2013,0.12
4/10/2013,0.15
4/17/2013,0.15
4/24/2013,0.15
5/1/2013,0.13
5/8/2013,0.14
5/15/2013,0.12
5/22/2013,0.1
5/29/2013,0.09
6/5/2013,0.09
6/12/2013,0.09
6/19/2013,0.1
6/26/2013,0.1
7/3/2013,0.09
7/10/2013,0.1
7/17/2013,0.09
7/24/2013,0.09
7/31/2013,0.09
8/7/2013,0.09
8/14/2013,0.08
8/21/2013,0.09
8/28/2013,0.08
9/4/2013,0.08
9/11/2013,0.08
9/18/2013,0.08
9/25/2013,0.08
10/2/2013,0.08
10/9/2013,0.08
10/16/2013,0.1
10/23/2013,0.09
10/30/2013,0.08
11/6/2013,0.08
11/13/2013,0.08
11/20/2013,0.09
11/27/2013,0.09
12/4/2013,0.08
12/11/2013,0.09
12/18/2013,0.09
12/25/2013,0.09
1/1/2014,0.08
1/8/2014,0.08
1/15/2014,0.07
1/22/2014,0.07
1/29/2014,0.07
2/5/2014,0.07
2/12/2014,0.06
2/19/2014,0.06
2/26/2014,0.07
3/5/2014,0.07
3/12/2014,0.08
3/19/2014,0.08
3/26/2014,0.08
4/2/2014,0.08
4/9/2014,0.08
4/16/2014,0.09
4/23/2014,0.1
4/30/2014,0.09
5/7/2014,0.09
5/14/2014,0.08
5/21/2014,0.09
5/28/2014,0.09
6/4/2014,0.09
6/11/2014,0.09
6/18/2014,0.1
6/25/2014,0.1
7/2/2014,0.1
7/9/2014,0.09
7/16/2014,0.09
7/23/2014,0.09
7/30/2014,0.09
8/6/2014,0.09
8/13/2014,0.09
8/20/2014,0.09
8/27/2014,0.09
9/3/2014,0.08
9/10/2014,0.09
9/17/2014,0.09
9/24/2014,0.09
10/1/2014,0.09
10/8/2014,0.09
10/15/2014,0.09
10/22/2014,0.09
10/29/2014,0.09
11/5/2014,0.08
11/12/2014,0.09
11/19/2014,0.1
11/26/2014,0.1
12/3/2014,0.1
12/10/2014,0.12
12/17/2014,0.12
12/24/2014,0.13
12/31/2014,0.12
1/7/2015,0.11
1/14/2015,0.12
1/21/2015,0.13
1/28/2015,0.12
2/4/2015,0.09
2/11/2015,0.12
2/18/2015,0.12
2/25/2015,0.12
3/4/2015,0.09
3/11/2015,0.12
3/18/2015,0.11
3/25/2015,0.12
4/1/2015,0.11
4/8/2015,0.12
4/15/2015,0.12
4/22/2015,0.13
4/29/2015,0.13
5/6/2015,0.12
5/13/2015,0.13
5/20/2015,0.13
5/27/2015,0.13
6/3/2015,0.1
6/10/2015,0.13
6/17/2015,0.13
6/24/2015,0.13
7/1/2015,0.12
7/8/2015,0.13
7/15/2015,0.13
7/22/2015,0.13
7/29/2015,0.13
8/5/2015,0.11
8/12/2015,0.14
8/19/2015,0.15
8/26/2015,0.15
9/2/2015,0.13
9/9/2015,0.14
9/16/2015,0.14
9/23/2015,0.14
9/30/2015,0.12
10/7/2015,0.13
10/14/2015,0.13
10/21/2015,0.13
10/28/2015,0.12
11/4/2015,0.1
11/11/2015,0.12
11/18/2015,0.12
11/25/2015,0.12
12/2/2015,0.12
12/9/2015,0.13
12/16/2015,0.14
12/23/2015,0.37
12/30/2015,0.36
1/6/2016,0.27
1/13/2016,0.36
1/20/2016,0.36
1/27/2016,0.38
2/3/2016,0.34
2/10/2016,0.38
2/17/2016,0.38
2/24/2016,0.38
3/2/2016,0.36
3/9/2016,0.36
3/16/2016,0.36
3/23/2016,0.37
3/30/2016,0.37
4/6/2016,0.35
4/13/2016,0.37
4/20/2016,0.37
4/27/2016,0.37
5/4/2016,0.34
5/11/2016,0.37
5/18/2016,0.37
5/25/2016,0.37
6/1/2016,0.36
6/8/2016,0.37
6/15/2016,0.37
6/22/2016,0.38
6/29/2016,0.4
7/6/2016,0.39
7/13/2016,0.4
7/20/2016,0.4
7/27/2016,0.4
8/3/2016,0.36
8/10/2016,0.4
8/17/2016,0.4
8/24/2016,0.4
8/31/2016,0.39
9/7/2016,0.4
9/14/2016,0.4
9/21/2016,0.4
9/28/2016,0.4
10/5/2016,0.35
10/12/2016,0.4
10/19/2016,0.41
10/26/2016,0.41
11/2/2016,0.4
11/9/2016,0.41
11/16/2016,0.41
11/23/2016,0.41
11/30/2016,0.4
12/7/2016,0.41
12/14/2016,0.41
12/21/2016,0.66
12/28/2016,0.66
1/4/2017,0.6
1/11/2017,0.66
1/18/2017,0.66
1/25/2017,0.66
2/1/2017,0.65
2/8/2017,0.66
2/15/2017,0.66
2/22/2017,0.66
3/1/2017,0.65
3/8/2017,0.66
3/15/2017,0.66
3/22/2017,0.91
3/29/2017,0.91
4/5/2017,0.87
4/12/2017,0.91
4/19/2017,0.91
4/26/2017,0.91
5/3/2017,0.88
5/10/2017,0.91
5/17/2017,0.91
5/24/2017,0.91
5/31/2017,0.9
6/7/2017,0.91
6/14/2017,0.91
6/21/2017,1.16
6/28/2017,1.16
7/5/2017,1.12
7/12/2017,1.16
7/19/2017,1.16
7/26/2017,1.16
8/2/2017,1.15
8/9/2017,1.16
8/16/2017,1.16
8/23/2017,1.16
8/30/2017,1.16
9/6/2017,1.15
9/13/2017,1.16
9/20/2017,1.16
9/27/2017,1.16
10/4/2017,1.12
10/11/2017,1.16
10/18/2017,1.16
10/25/2017,1.16
11/1/2017,1.15
11/8/2017,1.16
11/15/2017,1.16
11/22/2017,1.16
11/29/2017,1.16
12/6/2017,1.15
12/13/2017,1.16
12/20/2017,1.41
12/27/2017,1.42
1/3/2018,1.37
1/10/2018,1.42
1/17/2018,1.42
1/24/2018,1.42
1/31/2018,1.41
2/7/2018,1.42
2/14/2018,1.42
2/21/2018,1.42
2/28/2018,1.41
3/7/2018,1.42
3/14/2018,1.42
3/21/2018,1.43
3/28/2018,1.68
4/4/2018,1.68
4/11/2018,1.69
4/18/2018,1.69
4/25/2018,1.7
5/2/2018,1.7
5/9/2018,1.7
5/16/2018,1.7
5/23/2018,1.7
5/30/2018,1.7
6/6/2018,1.7
6/13/2018,1.7
6/20/2018,1.9
6/27/2018,1.92
7/4/2018,1.91
7/11/2018,1.91
7/18/2018,1.91
7/25/2018,1.91
8/1/2018,1.91
8/8/2018,1.91
8/15/2018,1.91
8/22/2018,1.92
8/29/2018,1.92
9/5/2018,1.91
9/12/2018,1.92
9/19/2018,1.92
9/26/2018,1.92
10/3/2018,2.18
10/10/2018,2.18
10/17/2018,2.18
10/24/2018,2.19
10/31/2018,2.2
11/7/2018,2.2
11/14/2018,2.19
11/21/2018,2.2
11/28/2018,2.2
12/5/2018,2.2
12/12/2018,2.19
12/19/2018,2.19
12/26/2018,2.4
1/2/2019,2.4
1/9/2019,2.4
1/16/2019,2.4
1/23/2019,2.4
1/30/2019,2.4
2/6/2019,2.4
2/13/2019,2.4
2/20/2019,2.4
2/27/2019,2.4
3/6/2019,2.4
3/13/2019,2.4
3/20/2019,2.4
3/27/2019,2.41
4/3/2019,2.42
4/10/2019,2.41
4/17/2019,2.41
4/24/2019,2.44
5/1/2019,2.44
5/8/2019,2.4
5/15/2019,2.38
5/22/2019,2.39
5/29/2019,2.38
6/5/2019,2.39
6/12/2019,2.37
6/19/2019,2.37
6/26/2019,2.38
7/3/2019,2.4
7/10/2019,2.41
7/17/2019,2.39
7/24/2019,2.41
7/31/2019,2.4
8/7/2019,2.13
8/14/2019,2.12
8/21/2019,2.13
8/28/2019,2.12
9/4/2019,2.13
9/11/2019,2.13
9/18/2019,2.19
9/25/2019,1.9
10/2/2019,1.85
10/9/2019,1.82
10/16/2019,1.84
10/23/2019,1.85
10/30/2019,1.83
11/6/2019,1.57
11/13/2019,1.55
11/20/2019,1.55
11/27/2019,1.55
12/4/2019,1.56
12/11/2019,1.55
12/18/2019,1.55
12/25/2019,1.55
1/1/2020,1.55
1/8/2020,1.55
1/15/2020,1.54
1/22/2020,1.55
1/29/2020,1.55
2/5/2020,1.59
2/12/2020,1.58
2/19/2020,1.58
2/26/2020,1.58
3/4/2020,1.51
3/11/2020,1.09
3/18/2020,0.74
3/25/2020,0.15
4/1/2020,0.09
4/8/2020,0.05
4/15/2020,0.05
4/22/2020,0.05
4/29/2020,0.04
5/6/2020,0.05
5/13/2020,0.05
5/20/2020,0.05
5/27/2020,0.05
6/3/2020,0.05
6/10/2020,0.07
6/17/2020,0.08
6/24/2020,0.09
7/1/2020,0.08
7/8/2020,0.09
7/15/2020,0.09
7/22/2020,0.09
7/29/2020,0.09
8/5/2020,0.1
8/12/2020,0.1
8/19/2020,0.1
8/26/2020,0.09
9/2/2020,0.09
9/9/2020,0.09
9/16/2020,0.09
9/23/2020,0.09
9/30/2020,0.09
10/7/2020,0.09
10/14/2020,0.09
10/21/2020,0.09
10/28/2020,0.09
11/4/2020,0.09
11/11/2020,0.09
11/18/2020,0.09
11/25/2020,0.08
12/2/2020,0.08
12/9/2020,0.09
12/16/2020,0.09
12/23/2020,0.09
12/30/2020,0.09
1/6/2021,0.09
1/13/2021,0.09
1/20/2021,0.09
1/27/2021,0.08
2/3/2021,0.07
2/10/2021,0.08
2/17/2021,0.08
2/24/2021,0.07
3/3/2021,0.07
3/10/2021,0.07
3/17/2021,0.07
3/24/2021,0.07
3/31/2021,0.07
4/7/2021,0.07
4/14/2021,0.07
4/21/2021,0.07
4/28/2021,0.07
5/5/2021,0.06
5/12/2021,0.06
5/19/2021,0.06
5/26/2021,0.06
6/2/2021,0.05
6/9/2021,0.06
6/16/2021,0.06
6/23/2021,0.1
6/30/2021,0.1
7/7/2021,0.1
7/14/2021,0.1
7/21/2021,0.1
7/28/2021,0.1
8/4/2021,0.09
8/11/2021,0.1
8/18/2021,0.1
8/25/2021,0.09
9/1/2021,0.08
9/8/2021,0.08
9/15/2021,0.08
9/22/2021,0.08
9/29/2021,0.08
10/6/2021,0.08
10/13/2021,0.08
10/20/2021,0.08
10/27/2021,0.08
11/3/2021,0.08
