Date,T_Rate
7/17/1959,4.51
7/24/1959,4.35
7/31/1959,4.23
8/7/1959,4.19
8/14/1959,4.19
8/21/1959,4.34
8/28/1959,4.44
9/4/1959,4.64
9/11/1959,4.72
9/18/1959,4.95
9/25/1959,4.83
10/2/1959,4.95
10/9/1959,4.69
10/16/1959,4.82
10/23/1959,4.66
10/30/1959,4.54
11/6/1959,4.42
11/13/1959,4.43
11/20/1959,4.55
11/27/1959,4.66
12/4/1959,4.98
12/11/1959,4.97
12/18/1959,4.96
12/25/1959,5.01
1/1/1960,5.03
1/8/1960,5.15
1/15/1960,4.96
1/22/1960,4.92
1/29/1960,4.76
2/5/1960,4.56
2/12/1960,4.41
2/19/1960,4.41
2/26/1960,4.39
3/4/1960,4.31
3/11/1960,3.97
3/18/1960,3.56
3/25/1960,3.27
4/1/1960,3.32
4/8/1960,3.3
4/15/1960,3.91
4/22/1960,4.17
4/29/1960,4.08
5/6/1960,4.01
5/13/1960,4.05
5/20/1960,4.09
5/27/1960,3.95
6/3/1960,3.57
6/10/1960,3.23
6/17/1960,2.9
6/24/1960,3.04
7/1/1960,2.95
7/8/1960,3.03
7/15/1960,3.07
7/22/1960,3.12
7/29/1960,2.92
8/5/1960,2.81
8/12/1960,2.79
8/19/1960,2.83
8/26/1960,2.81
9/2/1960,2.87
9/9/1960,2.87
9/16/1960,2.89
9/23/1960,2.82
9/30/1960,2.87
10/7/1960,2.93
10/14/1960,2.96
10/21/1960,2.99
10/28/1960,2.86
11/4/1960,2.82
11/11/1960,2.85
11/18/1960,2.91
11/25/1960,2.87
12/2/1960,2.86
12/9/1960,2.77
12/16/1960,2.63
12/23/1960,2.56
12/30/1960,2.51
1/6/1961,2.56
1/13/1961,2.57
1/20/1961,2.71
1/27/1961,2.66
2/3/1961,2.68
2/10/1961,2.71
2/17/1961,2.73
2/24/1961,2.83
3/3/1961,2.86
3/10/1961,2.76
3/17/1961,2.71
3/24/1961,2.71
3/31/1961,2.78
4/7/1961,2.75
4/14/1961,2.68
4/21/1961,2.77
4/28/1961,2.76
5/5/1961,2.69
5/12/1961,2.66
5/19/1961,2.7
5/26/1961,2.8
6/2/1961,2.83
6/9/1961,2.83
6/16/1961,2.78
6/23/1961,2.78
6/30/1961,2.77
7/7/1961,2.8
7/14/1961,2.72
7/21/1961,2.81
7/28/1961,2.83
8/4/1961,2.85
8/11/1961,2.93
8/18/1961,2.95
8/25/1961,2.89
9/1/1961,2.9
9/8/1961,2.89
9/15/1961,2.88
9/22/1961,2.87
9/29/1961,2.87
10/6/1961,2.83
10/13/1961,2.85
10/20/1961,2.97
10/27/1961,2.94
11/3/1961,2.88
11/10/1961,2.87
11/17/1961,2.93
11/24/1961,2.91
12/1/1961,2.91
12/8/1961,2.97
12/15/1961,2.97
12/22/1961,2.95
12/29/1961,3.02
1/5/1962,3.07
1/12/1962,3.12
1/19/1962,3.27
1/26/1962,3.25
2/2/1962,3.26
2/9/1962,3.24
2/16/1962,3.26
2/23/1962,3.19
3/2/1962,3.1
3/9/1962,3.05
3/16/1962,3.02
3/23/1962,2.93
3/30/1962,2.9
4/6/1962,2.86
4/13/1962,2.86
4/20/1962,2.95
4/27/1962,2.95
5/4/1962,2.94
5/11/1962,2.9
5/18/1962,2.91
5/25/1962,2.92
6/1/1962,2.89
6/8/1962,2.86
6/15/1962,2.86
6/22/1962,2.88
6/29/1962,2.97
7/6/1962,3.06
7/13/1962,3.12
7/20/1962,3.26
7/27/1962,3.22
8/3/1962,3.19
8/10/1962,3.19
8/17/1962,3.11
8/24/1962,3.04
8/31/1962,3.02
9/7/1962,3.05
9/14/1962,3
9/21/1962,2.98
9/28/1962,2.93
10/5/1962,2.9
10/12/1962,2.87
10/19/1962,2.92
10/26/1962,2.91
11/2/1962,2.9
11/9/1962,2.92
11/16/1962,2.94
11/23/1962,2.95
11/30/1962,2.97
12/7/1962,2.94
12/14/1962,2.93
12/21/1962,2.94
12/28/1962,2.95
1/4/1963,2.95
1/11/1963,2.96
1/18/1963,3
1/25/1963,3.03
2/1/1963,3.02
2/8/1963,3.02
2/15/1963,3.01
2/22/1963,2.99
3/1/1963,2.98
3/8/1963,2.97
3/15/1963,2.95
3/22/1963,2.97
3/29/1963,2.99
4/5/1963,2.99
4/12/1963,3
4/19/1963,3.07
4/26/1963,3.05
5/3/1963,3.05
5/10/1963,3.04
5/17/1963,3.04
5/24/1963,3.06
5/31/1963,3.09
6/7/1963,3.12
6/14/1963,3.11
6/21/1963,3.11
6/28/1963,3.11
7/5/1963,3.17
7/12/1963,3.39
7/19/1963,3.48
7/26/1963,3.47
8/2/1963,3.46
8/9/1963,3.48
8/16/1963,3.5
8/23/1963,3.52
8/30/1963,3.54
9/6/1963,3.57
9/13/1963,3.57
9/20/1963,3.58
9/27/1963,3.56
10/4/1963,3.59
10/11/1963,3.6
10/18/1963,3.61
10/25/1963,3.62
11/1/1963,3.6
11/8/1963,3.68
11/15/1963,3.69
11/22/1963,3.67
11/29/1963,3.66
12/6/1963,3.69
12/13/1963,3.68
12/20/1963,3.69
12/27/1963,3.69
1/3/1964,3.7
1/10/1964,3.72
1/17/1964,3.69
1/24/1964,3.66
1/31/1964,3.65
2/7/1964,3.65
2/14/1964,3.7
2/21/1964,3.71
2/28/1964,3.76
3/6/1964,3.78
3/13/1964,3.78
3/20/1964,3.77
3/27/1964,3.8
4/3/1964,3.77
4/10/1964,3.77
4/17/1964,3.78
4/24/1964,3.74
5/1/1964,3.69
5/8/1964,3.72
5/15/1964,3.71
5/22/1964,3.71
5/29/1964,3.7
6/5/1964,3.71
6/12/1964,3.71
6/19/1964,3.71
6/26/1964,3.68
7/3/1964,3.68
7/10/1964,3.67
7/17/1964,3.63
7/24/1964,3.65
7/31/1964,3.61
8/7/1964,3.65
8/14/1964,3.66
8/21/1964,3.67
8/28/1964,3.67
9/4/1964,3.7
9/11/1964,3.72
9/18/1964,3.74
9/25/1964,3.74
10/2/1964,3.77
10/9/1964,3.8
10/16/1964,3.8
10/23/1964,3.8
10/30/1964,3.77
11/6/1964,3.79
11/13/1964,3.79
11/20/1964,3.8
11/27/1964,4
12/4/1964,4.02
12/11/1964,3.96
12/18/1964,3.94
12/25/1964,3.94
1/1/1965,3.93
1/8/1965,3.92
1/15/1965,3.9
1/22/1965,3.9
1/29/1965,3.91
2/5/1965,3.97
2/12/1965,3.99
2/19/1965,4.02
2/26/1965,4.04
3/5/1965,4.05
3/12/1965,4.04
3/19/1965,4
3/26/1965,3.99
4/2/1965,4.01
4/9/1965,4
4/16/1965,4
4/23/1965,4
4/30/1965,3.98
5/7/1965,3.96
5/14/1965,3.96
5/21/1965,3.96
5/28/1965,3.95
6/4/1965,3.94
6/11/1965,3.93
6/18/1965,3.91
6/25/1965,3.82
7/2/1965,3.86
7/9/1965,3.91
7/16/1965,3.91
7/23/1965,3.87
7/30/1965,3.87
8/6/1965,3.94
8/13/1965,3.94
8/20/1965,3.95
8/27/1965,4
9/3/1965,4.03
9/10/1965,4.04
9/17/1965,4.03
9/24/1965,4.12
10/1/1965,4.19
10/8/1965,4.16
10/15/1965,4.14
10/22/1965,4.16
10/29/1965,4.16
11/5/1965,4.22
11/12/1965,4.24
11/19/1965,4.23
11/26/1965,4.24
12/3/1965,4.29
12/10/1965,4.49
12/17/1965,4.59
12/24/1965,4.65
12/31/1965,4.7
1/7/1966,4.69
1/14/1966,4.68
1/21/1966,4.7
1/28/1966,4.67
2/4/1966,4.75
2/11/1966,4.77
2/18/1966,4.84
2/25/1966,4.86
3/4/1966,4.91
3/11/1966,4.87
3/18/1966,4.82
3/25/1966,4.72
4/1/1966,4.75
4/8/1966,4.75
4/15/1966,4.79
4/22/1966,4.75
4/29/1966,4.75
5/6/1966,4.83
5/13/1966,4.82
5/20/1966,4.86
5/27/1966,4.88
6/3/1966,4.88
6/10/1966,4.84
6/17/1966,4.75
6/24/1966,4.66
7/1/1966,4.86
7/8/1966,4.88
7/15/1966,4.98
7/22/1966,4.96
7/29/1966,4.93
8/5/1966,5.04
8/12/1966,5.13
8/19/1966,5.35
8/26/1966,5.58
9/2/1966,5.73
9/9/1966,5.72
9/16/1966,5.83
9/23/1966,5.9
9/30/1966,5.79
10/7/1966,5.63
10/14/1966,5.56
10/21/1966,5.48
10/28/1966,5.44
11/4/1966,5.53
11/11/1966,5.58
11/18/1966,5.53
11/25/1966,5.49
12/2/1966,5.27
12/9/1966,5.25
12/16/1966,5.01
12/23/1966,4.78
12/30/1966,4.83
1/6/1967,4.76
1/13/1967,4.67
1/20/1967,4.56
1/27/1967,4.54
2/3/1967,4.45
2/10/1967,4.51
2/17/1967,4.66
2/24/1967,4.68
3/3/1967,4.45
3/10/1967,4.32
3/17/1967,4.16
3/24/1967,4.05
3/31/1967,4.06
4/7/1967,3.98
4/14/1967,3.89
4/21/1967,3.88
4/28/1967,3.84
5/5/1967,3.91
5/12/1967,3.89
5/19/1967,3.87
5/26/1967,3.88
6/2/1967,3.84
6/9/1967,3.9
6/16/1967,4.12
6/23/1967,4.15
6/30/1967,4.63
7/7/1967,4.84
7/14/1967,4.84
7/21/1967,4.89
7/28/1967,5
8/4/1967,4.97
8/11/1967,5.1
8/18/1967,5
8/25/1967,5.04
9/1/1967,5.08
9/8/1967,5.05
9/15/1967,5.06
9/22/1967,5.15
9/29/1967,5.16
10/6/1967,5.16
10/13/1967,5.19
10/20/1967,5.24
10/27/1967,5.27
11/3/1967,5.32
11/10/1967,5.31
11/17/1967,5.27
11/24/1967,5.48
12/1/1967,5.57
12/8/1967,5.64
12/15/1967,5.58
12/22/1967,5.51
12/29/1967,5.64
1/5/1968,5.5
1/12/1968,5.28
1/19/1968,5.22
1/26/1968,5.27
2/2/1968,5.23
2/9/1968,5.28
2/16/1968,5.17
2/23/1968,5.21
3/1/1968,5.33
3/8/1968,5.36
3/15/1968,5.48
3/22/1968,5.39
3/29/1968,5.45
4/5/1968,5.34
4/12/1968,5.38
4/19/1968,5.42
4/26/1968,5.63
5/3/1968,5.68
5/10/1968,5.73
5/17/1968,5.82
5/24/1968,5.99
5/31/1968,5.94
6/7/1968,5.72
6/14/1968,5.75
6/21/1968,5.59
6/28/1968,5.65
7/5/1968,5.56
7/12/1968,5.44
7/19/1968,5.47
7/26/1968,5.26
8/2/1968,5.14
8/9/1968,5.1
8/16/1968,5.21
8/23/1968,5.15
8/30/1968,5.17
9/6/1968,5.16
9/13/1968,5.24
9/20/1968,5.17
9/27/1968,5.15
10/4/1968,5.2
10/11/1968,5.28
10/18/1968,5.34
10/25/1968,5.39
11/1/1968,5.42
11/8/1968,5.46
11/15/1968,5.49
11/22/1968,5.54
11/29/1968,5.58
12/6/1968,5.69
12/13/1968,5.82
12/20/1968,5.97
12/27/1968,6.38
1/3/1969,6.2
1/10/1969,6.11
1/17/1969,5.95
1/24/1969,6.05
1/31/1969,6.14
2/7/1969,6.19
2/14/1969,6.14
2/21/1969,6.19
2/28/1969,6.33
3/7/1969,6.3
3/14/1969,6.19
3/21/1969,6.17
3/28/1969,6.13
4/4/1969,6.14
4/11/1969,6.09
4/18/1969,6.03
4/25/1969,5.99
5/2/1969,5.98
5/9/1969,6.05
5/16/1969,6.13
5/23/1969,6.08
5/30/1969,6.26
6/6/1969,6.61
6/13/1969,6.89
6/20/1969,6.77
6/27/1969,7.15
7/4/1969,7.38
7/11/1969,7.08
7/18/1969,7.08
7/25/1969,7.19
8/1/1969,7.31
8/8/1969,7.29
8/15/1969,7.32
8/22/1969,7.17
8/29/1969,7.31
9/5/1969,7.34
9/12/1969,7.34
9/19/1969,7.32
9/26/1969,7.38
10/3/1969,7.41
10/10/1969,7.34
10/17/1969,7.25
10/24/1969,7.04
10/31/1969,7.08
11/7/1969,7.06
11/14/1969,7.15
11/21/1969,7.5
11/28/1969,7.68
12/5/1969,7.55
12/12/1969,7.61
12/19/1969,7.61
12/26/1969,7.64
1/2/1970,7.67
1/9/1970,7.57
1/16/1970,7.47
1/23/1970,7.43
1/30/1970,7.57
2/6/1970,7.37
2/13/1970,7.13
2/20/1970,6.9
2/27/1970,6.77
3/6/1970,6.64
3/13/1970,6.55
3/20/1970,6.57
3/27/1970,6.28
4/3/1970,6.32
4/10/1970,6.27
4/17/1970,6.29
4/24/1970,6.69
5/1/1970,7.13
5/8/1970,7.06
5/15/1970,7.13
5/22/1970,7.08
5/29/1970,7.19
6/5/1970,7.01
6/12/1970,7.1
6/19/1970,7.17
6/26/1970,7.06
7/3/1970,6.83
7/10/1970,6.77
7/17/1970,6.62
7/24/1970,6.54
7/31/1970,6.5
8/7/1970,6.61
8/14/1970,6.65
8/21/1970,6.49
8/28/1970,6.45
9/4/1970,6.52
9/11/1970,6.49
9/18/1970,6.37
9/25/1970,6.27
10/2/1970,6.33
10/9/1970,6.29
10/16/1970,6.22
10/23/1970,6.22
10/30/1970,6.15
11/6/1970,5.86
11/13/1970,5.7
11/20/1970,5.22
11/27/1970,4.96
12/4/1970,4.91
12/11/1970,4.91
12/18/1970,4.79
12/25/1970,4.85
1/1/1971,4.77
1/8/1971,4.71
1/15/1971,4.48
1/22/1971,4.19
1/29/1971,4.21
2/5/1971,4.11
2/12/1971,3.8
2/19/1971,3.73
2/26/1971,3.68
3/5/1971,3.64
3/12/1971,3.52
3/19/1971,3.57
3/26/1971,3.63
4/2/1971,3.68
4/9/1971,3.79
4/16/1971,4.1
4/23/1971,4.14
4/30/1971,4.43
5/7/1971,4.46
5/14/1971,4.58
5/21/1971,4.79
5/28/1971,4.75
6/4/1971,4.78
6/11/1971,5.13
6/18/1971,5.43
6/25/1971,5.57
7/2/1971,5.79
7/9/1971,5.65
7/16/1971,5.61
7/23/1971,5.77
7/30/1971,5.92
8/6/1971,5.9
8/13/1971,5.92
8/20/1971,5.24
8/27/1971,5.19
9/3/1971,5.13
9/10/1971,5.17
9/17/1971,5.22
9/24/1971,5.24
10/1/1971,5.14
10/8/1971,5
10/15/1971,4.73
10/22/1971,4.67
10/29/1971,4.48
11/5/1971,4.41
11/12/1971,4.47
11/19/1971,4.42
11/26/1971,4.61
12/3/1971,4.59
12/10/1971,4.53
12/17/1971,4.5
12/24/1971,4.38
12/31/1971,4.05
1/7/1972,4.03
1/14/1972,3.65
1/21/1972,3.64
1/28/1972,3.9
2/4/1972,4.1
2/11/1972,4
2/18/1972,3.95
2/25/1972,4.14
3/3/1972,4.18
3/10/1972,4.21
3/17/1972,4.51
3/24/1972,4.5
3/31/1972,4.71
4/7/1972,4.82
4/14/1972,4.77
4/21/1972,4.6
4/28/1972,4.39
5/5/1972,4.37
5/12/1972,4.42
5/19/1972,4.53
5/26/1972,4.49
6/2/1972,4.54
6/9/1972,4.62
6/16/1972,4.62
6/23/1972,4.69
6/30/1972,4.98
7/7/1972,4.99
7/14/1972,4.94
7/21/1972,4.86
7/28/1972,4.87
8/4/1972,4.78
8/11/1972,4.75
8/18/1972,4.75
8/25/1972,5.02
9/1/1972,5.28
9/8/1972,5.36
9/15/1972,5.42
9/22/1972,5.46
9/29/1972,5.52
10/6/1972,5.46
10/13/1972,5.39
10/20/1972,5.38
10/27/1972,5.34
11/3/1972,5.27
11/10/1972,5.18
11/17/1972,5.17
11/24/1972,5.2
12/1/1972,5.25
12/8/1972,5.27
12/15/1972,5.22
12/22/1972,5.26
12/29/1972,5.39
1/5/1973,5.44
1/12/1973,5.45
1/19/1973,5.52
1/26/1973,5.66
2/2/1973,5.99
2/9/1973,5.86
2/16/1973,5.77
2/23/1973,5.95
3/2/1973,6.18
3/9/1973,6.35
3/16/1973,6.56
3/23/1973,6.69
3/30/1973,6.66
4/6/1973,6.63
4/13/1973,6.41
4/20/1973,6.42
4/27/1973,6.56
5/4/1973,6.6
5/11/1973,6.49
5/18/1973,6.49
5/25/1973,6.78
6/1/1973,6.93
6/8/1973,6.94
6/15/1973,6.94
6/22/1973,7.02
6/29/1973,7.31
7/6/1973,7.71
7/13/1973,7.65
7/20/1973,7.97
7/27/1973,8.34
8/3/1973,8.4
8/10/1973,8.44
8/17/1973,8.34
8/24/1973,8.25
8/31/1973,8.22
9/7/1973,8.19
9/14/1973,8.45
9/21/1973,8.1
9/28/1973,7.57
10/5/1973,7.52
10/12/1973,7.26
10/19/1973,7.15
10/26/1973,6.85
11/2/1973,6.99
11/9/1973,7.42
11/16/1973,7.64
11/23/1973,7.37
11/30/1973,7.29
12/7/1973,7.39
12/14/1973,7.01
12/21/1973,6.75
12/28/1973,6.84
1/4/1974,6.94
1/11/1974,7.07
1/18/1974,7.04
1/25/1974,7.07
2/1/1974,6.8
2/8/1974,6.52
2/15/1974,6.41
2/22/1974,6.42
3/1/1974,6.71
3/8/1974,6.96
3/15/1974,7.06
3/22/1974,7.56
3/29/1974,7.84
4/5/1974,7.95
4/12/1974,8.05
4/19/1974,8.05
4/26/1974,8.14
5/3/1974,8.45
5/10/1974,8.46
5/17/1974,8.11
5/24/1974,7.99
5/31/1974,8.06
6/7/1974,8.15
6/14/1974,8.14
6/21/1974,8.1
6/28/1974,8.24
7/5/1974,8.38
7/12/1974,8.13
7/19/1974,7.8
7/26/1974,7.81
8/2/1974,8.38
8/9/1974,8.49
8/16/1974,8.5
8/23/1974,9.25
8/30/1974,9.38
9/6/1974,9.14
9/13/1974,8.69
9/20/1974,8.4
9/27/1974,8.1
10/4/1974,7.97
10/11/1974,7.53
10/18/1974,7.6
10/25/1974,7.4
11/1/1974,7.51
11/8/1974,7.38
11/15/1974,7.29
11/22/1974,7.19
11/29/1974,7.26
12/6/1974,7.15
12/13/1974,6.79
12/20/1974,6.56
12/27/1974,6.67
1/3/1975,6.7
1/10/1975,6.45
1/17/1975,6.44
1/24/1975,6.15
1/31/1975,5.87
2/7/1975,5.51
2/14/1975,5.6
2/21/1975,5.44
2/28/1975,5.67
3/7/1975,5.69
3/14/1975,5.62
3/21/1975,5.66
3/28/1975,5.81
4/4/1975,6.2
4/11/1975,6.48
4/18/1975,6.3
4/25/1975,6.49
5/2/1975,6.36
5/9/1975,6.13
5/16/1975,5.81
5/23/1975,5.74
5/30/1975,5.8
6/6/1975,5.77
6/13/1975,5.5
6/20/1975,5.74
6/27/1975,6.32
7/4/1975,6.47
7/11/1975,6.5
7/18/1975,6.53
7/25/1975,6.82
8/1/1975,6.86
8/8/1975,7.11
8/15/1975,7.17
8/22/1975,7.26
8/29/1975,7.16
9/5/1975,7.07
9/12/1975,7.14
9/19/1975,7.31
9/26/1975,7.21
10/3/1975,7.16
10/10/1975,6.74
10/17/1975,6.51
10/24/1975,6.29
10/31/1975,6.02
11/7/1975,5.89
11/14/1975,5.96
11/21/1975,6.17
11/28/1975,6.24
12/5/1975,6.3
12/12/1975,6.43
12/19/1975,6.2
12/26/1975,5.91
1/2/1976,5.77
1/9/1976,5.58
1/16/1976,5.41
1/23/1976,5.37
1/30/1976,5.32
2/6/1976,5.45
2/13/1976,5.47
2/20/1976,5.58
2/27/1976,5.62
3/5/1976,5.98
3/12/1976,5.86
3/19/1976,5.82
3/26/1976,5.67
4/2/1976,5.76
4/9/1976,5.59
4/16/1976,5.36
4/23/1976,5.47
4/30/1976,5.61
5/7/1976,5.68
5/14/1976,5.89
5/21/1976,6.11
5/28/1976,6.26
6/4/1976,6.27
6/11/1976,6.11
6/18/1976,6.07
6/25/1976,6.06
7/2/1976,6.08
7/9/1976,5.9
7/16/1976,5.72
7/23/1976,5.84
7/30/1976,5.74
8/6/1976,5.72
8/13/1976,5.65
8/20/1976,5.64
8/27/1976,5.59
9/3/1976,5.56
9/10/1976,5.53
9/17/1976,5.52
9/24/1976,5.43
10/1/1976,5.48
10/8/1976,5.31
10/15/1976,5.09
10/22/1976,5.11
10/29/1976,5.19
11/5/1976,5.12
11/12/1976,5.19
11/19/1976,5.05
11/26/1976,4.79
12/3/1976,4.66
12/10/1976,4.66
12/17/1976,4.66
12/24/1976,4.6
12/31/1976,4.62
1/7/1977,4.76
1/14/1977,4.93
1/21/1977,5.08
1/28/1977,5.18
2/4/1977,5.24
2/11/1977,5.11
2/18/1977,5.08
2/25/1977,5.22
3/4/1977,5.23
3/11/1977,5.22
3/18/1977,5.18
3/25/1977,5.17
4/1/1977,5.15
4/8/1977,5.14
4/15/1977,5.03
4/22/1977,5.04
4/29/1977,5.18
5/6/1977,5.28
5/13/1977,5.46
5/20/1977,5.52
5/27/1977,5.45
6/3/1977,5.42
6/10/1977,5.43
6/17/1977,5.4
6/24/1977,5.41
7/1/1977,5.39
7/8/1977,5.46
7/15/1977,5.51
7/22/1977,5.6
7/29/1977,5.7
8/5/1977,5.83
8/12/1977,5.94
8/19/1977,6.07
8/26/1977,6.02
9/2/1977,5.98
9/9/1977,6.04
9/16/1977,6.14
9/23/1977,6.15
9/30/1977,6.21
10/7/1977,6.38
10/14/1977,6.61
10/21/1977,6.59
10/28/1977,6.49
11/4/1977,6.6
11/11/1977,6.55
11/18/1977,6.49
11/25/1977,6.48
12/2/1977,6.49
12/9/1977,6.52
12/16/1977,6.5
12/23/1977,6.53
12/30/1977,6.57
1/6/1978,6.57
1/13/1978,6.94
1/20/1978,6.84
1/27/1978,6.82
2/3/1978,6.8
2/10/1978,6.84
2/17/1978,6.9
2/24/1978,6.88
3/3/1978,6.84
3/10/1978,6.81
3/17/1978,6.8
3/24/1978,6.77
3/31/1978,6.89
4/7/1978,6.94
4/14/1978,6.91
4/21/1978,6.93
4/28/1978,7.06
5/5/1978,7.16
5/12/1978,7.25
5/19/1978,7.32
5/26/1978,7.38
6/2/1978,7.37
6/9/1978,7.36
6/16/1978,7.46
6/23/1978,7.64
6/30/1978,7.72
7/7/1978,7.75
7/14/1978,7.82
7/21/1978,7.82
7/28/1978,7.78
8/4/1978,7.65
8/11/1978,7.58
8/18/1978,7.78
8/25/1978,7.79
9/1/1978,7.86
9/8/1978,7.86
9/15/1978,7.95
9/22/1978,8.08
9/29/1978,8.16
10/6/1978,8.23
10/13/1978,8.28
10/20/1978,8.46
10/27/1978,8.53
11/3/1978,9.17
11/10/1978,9.32
11/17/1978,9.08
11/24/1978,9.12
12/1/1978,9.29
12/8/1978,9.32
12/15/1978,9.28
12/22/1978,9.61
12/29/1978,9.65
1/5/1979,9.61
1/12/1979,9.61
1/19/1979,9.61
1/26/1979,9.46
2/2/1979,9.31
2/9/1979,9.34
2/16/1979,9.35
2/23/1979,9.49
3/2/1979,9.5
3/9/1979,9.4
3/16/1979,9.43
3/23/1979,9.37
3/30/1979,9.29
4/6/1979,9.26
4/13/1979,9.37
4/20/1979,9.22
4/27/1979,9.27
5/4/1979,9.4
5/11/1979,9.39
5/18/1979,9.26
5/25/1979,9.14
6/1/1979,9.05
6/8/1979,8.94
6/15/1979,8.74
6/22/1979,8.84
6/29/1979,8.64
7/6/1979,8.7
7/13/1979,8.79
7/20/1979,8.93
7/27/1979,9
8/3/1979,8.93
8/10/1979,8.95
8/17/1979,9.15
8/24/1979,9.28
8/31/1979,9.41
9/7/1979,9.84
9/14/1979,9.96
9/21/1979,9.9
9/28/1979,9.87
10/5/1979,10.07
10/12/1979,11.3
10/19/1979,11.4
10/26/1979,11.94
11/2/1979,11.65
11/9/1979,11.66
11/16/1979,11.12
11/23/1979,11.25
11/30/1979,10.74
12/7/1979,10.86
12/14/1979,11.1
12/21/1979,10.85
12/28/1979,10.86
1/4/1980,10.97
1/11/1980,10.78
1/18/1980,10.83
1/25/1980,11.05
2/1/1980,11.23
2/8/1980,11.51
2/15/1980,11.91
2/22/1980,13.12
2/29/1980,13.53
3/7/1980,13.94
3/14/1980,13.92
3/21/1980,13.89
3/28/1980,14.39
4/4/1980,13.9
4/11/1980,13.11
4/18/1980,11.97
4/25/1980,10.8
5/2/1980,9.99
5/9/1980,9
5/16/1980,8.72
5/23/1980,8.34
5/30/1980,8.03
6/6/1980,7.91
6/13/1980,7.23
6/20/1980,7.3
6/27/1980,7.65
7/4/1980,7.86
7/11/1980,7.91
7/18/1980,7.93
7/25/1980,7.94
8/1/1980,8.43
8/8/1980,8.61
8/15/1980,8.94
8/22/1980,9.85
8/29/1980,10.28
9/5/1980,9.84
9/12/1980,10.15
9/19/1980,10.58
9/26/1980,10.94
10/3/1980,11.14
10/10/1980,10.87
10/17/1980,10.85
10/24/1980,11.36
10/31/1980,12.16
11/7/1980,12.47
11/14/1980,12.21
11/21/1980,12.74
11/28/1980,13.22
12/5/1980,13.43
12/12/1980,13.75
12/19/1980,13.71
12/26/1980,12.4
1/2/1981,12.38
1/9/1981,12.26
1/16/1981,12.5
1/23/1981,13.03
1/30/1981,12.68
2/6/1981,12.84
2/13/1981,13.31
2/20/1981,12.98
2/27/1981,12.89
3/6/1981,13.07
3/13/1981,12.46
3/20/1981,11.69
3/27/1981,12.09
4/3/1981,11.86
4/10/1981,12.53
4/17/1981,12.8
4/24/1981,13.05
5/1/1981,13.41
5/8/1981,14.44
5/15/1981,14.68
5/22/1981,14.42
5/29/1981,13.67
6/5/1981,13.53
6/12/1981,13.15
6/19/1981,13.03
6/26/1981,13.2
7/3/1981,13.3
7/10/1981,13.58
7/17/1981,13.56
7/24/1981,14.4
7/31/1981,14.25
8/7/1981,14.63
8/14/1981,14.43
8/21/1981,14.7
8/28/1981,14.99
9/4/1981,15.05
9/11/1981,14.8
9/18/1981,14.21
9/25/1981,14.16
10/2/1981,14.54
10/9/1981,13.71
10/16/1981,13.42
10/23/1981,13.6
10/30/1981,13.36
11/6/1981,12.35
11/13/1981,11.29
11/20/1981,10.78
11/27/1981,10.63
12/4/1981,10.85
12/11/1981,11.13
12/18/1981,11.53
12/25/1981,12.16
1/1/1982,12.23
1/8/1982,12.34
1/15/1982,12.84
1/22/1982,13.11
1/29/1982,12.78
2/5/1982,13.19
2/12/1982,13.43
2/19/1982,13.37
2/26/1982,12.56
3/5/1982,12.27
3/12/1982,12.3
3/19/1982,12.58
3/26/1982,12.5
4/2/1982,12.76
4/9/1982,12.69
4/16/1982,12.59
4/23/1982,12.38
4/30/1982,12.3
5/7/1982,12.29
5/14/1982,12.11
5/21/1982,11.83
5/28/1982,11.71
6/4/1982,12.09
6/11/1982,12.2
6/18/1982,12.68
6/25/1982,13
7/2/1982,12.86
7/9/1982,12.5
7/16/1982,12.06
7/23/1982,11.29
7/30/1982,11.5
8/6/1982,11.13
8/13/1982,11.06
8/20/1982,9.71
8/27/1982,9.68
9/3/1982,10.12
9/10/1982,10.09
9/17/1982,10.12
9/24/1982,9.77
10/1/1982,9.51
10/8/1982,9.24
10/15/1982,8.19
10/22/1982,8.28
10/29/1982,8.58
11/5/1982,8.36
11/12/1982,8.47
11/19/1982,8.49
11/26/1982,8.35
12/3/1982,8.53
12/10/1982,8.36
12/17/1982,8.15
12/24/1982,8.14
12/31/1982,8.11
1/7/1983,8.02
1/14/1983,7.82
1/21/1983,7.96
1/28/1983,8.19
2/4/1983,8.34
2/11/1983,8.41
2/18/1983,8.33
2/25/1983,8.06
3/4/1983,7.98
3/11/1983,8.27
3/18/1983,8.37
3/25/1983,8.55
4/1/1983,8.6
4/8/1983,8.46
4/15/1983,8.26
4/22/1983,8.29
4/29/1983,8.16
5/6/1983,8
5/13/1983,8.04
5/20/1983,8.24
5/27/1983,8.51
6/3/1983,8.68
6/10/1983,8.85
6/17/1983,8.77
6/24/1983,9.02
7/1/1983,8.98
7/8/1983,9.27
7/15/1983,9.39
7/22/1983,9.33
7/29/1983,9.44
8/5/1983,9.71
8/12/1983,9.8
8/19/1983,9.5
8/26/1983,9.37
9/2/1983,9.64
9/9/1983,9.47
9/16/1983,9.33
9/23/1983,9.15
9/30/1983,9.04
10/7/1983,8.93
10/14/1983,9.1
10/21/1983,8.89
10/28/1983,9.02
11/4/1983,9.05
11/11/1983,9.09
11/18/1983,9.08
11/25/1983,9.06
12/2/1983,9.15
12/9/1983,9.23
12/16/1983,9.28
12/23/1983,9.25
12/30/1983,9.22
1/6/1984,9.19
1/13/1984,9.09
1/20/1984,9.02
1/27/1984,9.04
2/3/1984,9
2/10/1984,9.1
2/17/1984,9.21
2/24/1984,9.35
3/2/1984,9.37
3/9/1984,9.45
3/16/1984,9.6
3/23/1984,9.9
3/30/1984,9.86
4/6/1984,9.96
4/13/1984,9.82
4/20/1984,9.98
4/27/1984,10
5/4/1984,10.18
5/11/1984,10.46
5/18/1984,10.59
5/25/1984,10.73
6/1/1984,10.94
6/8/1984,10.8
6/15/1984,10.87
6/22/1984,10.97
6/29/1984,11.09
7/6/1984,11.01
7/13/1984,10.94
7/20/1984,10.89
7/27/1984,10.79
8/3/1984,10.73
8/10/1984,10.69
8/17/1984,10.64
8/24/1984,10.68
8/31/1984,10.84
9/7/1984,10.82
9/14/1984,10.54
9/21/1984,10.37
9/28/1984,10.38
10/5/1984,10.35
10/12/1984,10.15
10/19/1984,9.96
10/26/1984,9.56
11/2/1984,9.43
11/9/1984,9.15
11/16/1984,9.15
11/23/1984,8.85
11/30/1984,8.78
12/7/1984,8.86
12/14/1984,8.73
12/21/1984,8.37
12/28/1984,8.4
1/4/1985,8.48
1/11/1985,8.34
1/18/1985,8.33
1/25/1985,8.22
2/1/1985,8.35
2/8/1985,8.47
2/15/1985,8.47
2/22/1985,8.58
3/1/1985,8.84
3/8/1985,9.09
3/15/1985,9.09
3/22/1985,9.15
3/29/1985,8.9
4/5/1985,8.79
4/12/1985,8.6
4/19/1985,8.27
4/26/1985,8.22
5/3/1985,8.25
5/10/1985,8.09
5/17/1985,7.9
5/24/1985,7.63
5/31/1985,7.53
6/7/1985,7.25
6/14/1985,7.31
6/21/1985,7.14
6/28/1985,7.37
7/5/1985,7.13
7/12/1985,7.19
7/19/1985,7.29
7/26/1985,7.47
8/2/1985,7.57
8/9/1985,7.58
8/16/1985,7.49
8/23/1985,7.39
8/30/1985,7.42
9/6/1985,7.49
9/13/1985,7.62
9/20/1985,7.55
9/27/1985,7.34
10/4/1985,7.41
10/11/1985,7.49
10/18/1985,7.44
10/25/1985,7.47
11/1/1985,7.41
11/8/1985,7.36
11/15/1985,7.34
11/22/1985,7.3
11/29/1985,7.33
12/6/1985,7.35
12/13/1985,7.13
12/20/1985,7.07
12/27/1985,7.09
1/3/1986,7.12
1/10/1986,7.21
1/17/1986,7.32
1/24/1986,7.21
1/31/1986,7.11
2/7/1986,7.12
2/14/1986,7.17
2/21/1986,7.11
2/28/1986,7.02
3/7/1986,6.76
3/14/1986,6.59
3/21/1986,6.57
3/28/1986,6.46
4/4/1986,6.27
4/11/1986,6.03
4/18/1986,5.85
4/25/1986,6.08
5/2/1986,6.17
5/9/1986,6.1
5/16/1986,6.24
5/23/1986,6.33
5/30/1986,6.37
6/6/1986,6.55
6/13/1986,6.43
6/20/1986,6.21
6/27/1986,6.14
7/4/1986,5.98
7/11/1986,5.92
7/18/1986,5.83
7/25/1986,5.89
8/1/1986,5.91
8/8/1986,5.81
8/15/1986,5.67
8/22/1986,5.52
8/29/1986,5.36
9/5/1986,5.35
9/12/1986,5.46
9/19/1986,5.48
9/26/1986,5.47
10/3/1986,5.47
10/10/1986,5.27
10/17/1986,5.41
10/24/1986,5.49
10/31/1986,5.43
11/7/1986,5.45
11/14/1986,5.56
11/21/1986,5.47
11/28/1986,5.45
12/5/1986,5.47
12/12/1986,5.51
12/19/1986,5.57
12/26/1986,5.59
1/2/1987,5.64
1/9/1987,5.49
1/16/1987,5.45
1/23/1987,5.38
1/30/1987,5.5
2/6/1987,5.59
2/13/1987,5.71
2/20/1987,5.64
2/27/1987,5.57
3/6/1987,5.61
3/13/1987,5.72
3/20/1987,5.64
3/27/1987,5.71
4/3/1987,5.81
4/10/1987,5.87
4/17/1987,6.19
4/24/1987,6.24
5/1/1987,6.31
5/8/1987,6.39
5/15/1987,6.54
5/22/1987,6.71
5/29/1987,6.48
6/5/1987,6.44
6/12/1987,6.36
6/19/1987,6.29
6/26/1987,6.32
7/3/1987,6.25
7/10/1987,6.2
7/17/1987,6.11
7/24/1987,6.26
7/31/1987,6.4
8/7/1987,6.49
8/14/1987,6.47
8/21/1987,6.53
8/28/1987,6.65
9/4/1987,6.89
9/11/1987,7.16
9/18/1987,7.1
9/25/1987,7.14
10/2/1987,7.3
10/9/1987,7.5
10/16/1987,7.7
10/23/1987,6.72
10/30/1987,6.3
11/6/1987,6.42
11/13/1987,6.49
11/20/1987,6.54
11/27/1987,6.56
12/4/1987,6.55
12/11/1987,6.74
12/18/1987,6.73
12/25/1987,6.71
1/1/1988,6.66
1/8/1988,6.66
1/15/1988,6.63
1/22/1988,6.45
1/29/1988,6.33
2/5/1988,6.22
2/12/1988,6.16
2/19/1988,6.27
2/26/1988,6.2
3/4/1988,6.2
3/11/1988,6.28
3/18/1988,6.23
3/25/1988,6.35
4/1/1988,6.36
4/8/1988,6.55
4/15/1988,6.49
4/22/1988,6.58
4/29/1988,6.6
5/6/1988,6.75
5/13/1988,6.85
5/20/1988,6.91
5/27/1988,7.07
6/3/1988,7.08
6/10/1988,6.97
6/17/1988,6.91
6/24/1988,7.02
7/1/1988,7.01
7/8/1988,7.11
7/15/1988,7.25
7/22/1988,7.25
7/29/1988,7.31
8/5/1988,7.34
8/12/1988,7.59
8/19/1988,7.68
8/26/1988,7.69
9/2/1988,7.65
9/9/1988,7.52
9/16/1988,7.45
9/23/1988,7.51
9/30/1988,7.6
10/7/1988,7.56
10/14/1988,7.51
10/21/1988,7.56
10/28/1988,7.55
11/4/1988,7.53
11/11/1988,7.76
11/18/1988,7.94
11/25/1988,8.06
12/2/1988,8.1
12/9/1988,8.23
12/16/1988,8.42
12/23/1988,8.32
12/30/1988,8.38
1/6/1989,8.47
1/13/1989,8.43
1/20/1989,8.28
1/27/1989,8.3
2/3/1989,8.38
2/10/1989,8.46
2/17/1989,8.56
2/24/1989,8.67
3/3/1989,8.67
3/10/1989,8.67
3/17/1989,8.8
3/24/1989,8.99
3/31/1989,8.94
4/7/1989,8.74
4/14/1989,8.73
4/21/1989,8.56
4/28/1989,8.52
5/5/1989,8.47
5/12/1989,8.36
5/19/1989,8.23
5/26/1989,8.21
6/2/1989,8.16
6/9/1989,7.79
6/16/1989,7.84
6/23/1989,7.92
6/30/1989,7.71
7/7/1989,7.42
7/14/1989,7.32
7/21/1989,7.43
7/28/1989,7.35
8/4/1989,7.2
8/11/1989,7.56
8/18/1989,7.72
8/25/1989,7.78
9/1/1989,7.72
9/8/1989,7.68
9/15/1989,7.51
9/22/1989,7.61
9/29/1989,7.78
10/6/1989,7.76
10/13/1989,7.46
10/20/1989,7.33
10/27/1989,7.28
11/3/1989,7.35
11/10/1989,7.35
11/17/1989,7.21
11/24/1989,7.13
12/1/1989,7.21
12/8/1989,7.22
12/15/1989,7.22
12/22/1989,7.15
12/29/1989,7.27
1/5/1990,7.3
1/12/1990,7.26
1/19/1990,7.42
1/26/1990,7.46
2/2/1990,7.54
2/9/1990,7.58
2/16/1990,7.5
2/23/1990,7.61
3/2/1990,7.58
3/9/1990,7.76
3/16/1990,7.81
3/23/1990,7.76
3/30/1990,7.75
4/6/1990,7.71
4/13/1990,7.7
4/20/1990,7.81
4/27/1990,7.94
5/4/1990,7.94
5/11/1990,7.75
5/18/1990,7.66
5/25/1990,7.64
6/1/1990,7.61
6/8/1990,7.51
6/15/1990,7.5
6/22/1990,7.57
6/29/1990,7.57
7/6/1990,7.49
7/13/1990,7.53
7/20/1990,7.34
7/27/1990,7.33
8/3/1990,7.16
8/10/1990,7.18
8/17/1990,7.22
8/24/1990,7.39
8/31/1990,7.32
9/7/1990,7.23
9/14/1990,7.24
9/21/1990,7.25
9/28/1990,7.25
10/5/1990,7.07
10/12/1990,7.12
10/19/1990,7.09
10/26/1990,7.02
11/2/1990,6.93
11/9/1990,6.88
11/16/1990,6.84
11/23/1990,6.82
11/30/1990,6.83
12/7/1990,6.78
12/14/1990,6.64
12/21/1990,6.53
12/28/1990,6.51
1/4/1991,6.37
1/11/1991,6.3
1/18/1991,6.22
1/25/1991,6.19
2/1/1991,6.13
2/8/1991,5.87
2/15/1991,5.84
2/22/1991,5.93
3/1/1991,6.02
3/8/1991,6.09
3/15/1991,5.94
3/22/1991,6.01
3/29/1991,5.94
4/5/1991,5.87
4/12/1991,5.84
4/19/1991,5.87
4/26/1991,5.86
5/3/1991,5.73
5/10/1991,5.76
5/17/1991,5.76
5/24/1991,5.77
5/31/1991,5.76
6/7/1991,5.92
6/14/1991,6
6/21/1991,5.97
6/28/1991,5.96
7/5/1991,6
7/12/1991,5.9
7/19/1991,5.92
7/26/1991,5.9
8/2/1991,5.81
8/9/1991,5.54
8/16/1991,5.4
8/23/1991,5.3
8/30/1991,5.41
9/6/1991,5.37
9/13/1991,5.27
9/20/1991,5.25
9/27/1991,5.2
10/4/1991,5.11
10/11/1991,5.07
10/18/1991,5.04
10/25/1991,5.09
11/1/1991,4.87
11/8/1991,4.74
11/15/1991,4.7
11/22/1991,4.57
11/29/1991,4.5
12/6/1991,4.38
12/13/1991,4.23
12/20/1991,4.14
12/27/1991,3.97
1/3/1992,3.93
1/10/1992,3.87
1/17/1992,3.98
1/24/1992,3.95
1/31/1992,4.02
2/7/1992,3.98
2/14/1992,4
2/21/1992,4.16
2/28/1992,4.19
3/6/1992,4.32
3/13/1992,4.43
3/20/1992,4.5
3/27/1992,4.4
4/3/1992,4.27
4/10/1992,4.06
4/17/1992,3.95
4/24/1992,4.11
5/1/1992,4.12
5/8/1992,4.06
5/15/1992,3.93
5/22/1992,3.92
5/29/1992,4.06
6/5/1992,4.08
6/12/1992,3.99
6/19/1992,3.93
6/26/1992,3.94
7/3/1992,3.79
7/10/1992,3.48
7/17/1992,3.38
7/24/1992,3.38
7/31/1992,3.43
8/7/1992,3.39
8/14/1992,3.28
8/21/1992,3.26
8/28/1992,3.38
9/4/1992,3.26
9/11/1992,3.04
9/18/1992,3.03
9/25/1992,3.04
10/2/1992,2.91
10/9/1992,2.97
10/16/1992,3.12
10/23/1992,3.35
10/30/1992,3.36
11/6/1992,3.42
11/13/1992,3.47
11/20/1992,3.56
11/27/1992,3.6
12/4/1992,3.64
12/11/1992,3.55
12/18/1992,3.6
12/25/1992,3.49
1/1/1993,3.46
1/8/1993,3.44
1/15/1993,3.36
1/22/1993,3.33
1/29/1993,3.26
2/5/1993,3.26
2/12/1993,3.32
2/19/1993,3.22
2/26/1993,3.17
3/5/1993,3.17
3/12/1993,3.26
3/19/1993,3.22
3/26/1993,3.16
4/2/1993,3.17
4/9/1993,3.16
4/16/1993,3.09
4/23/1993,3.05
4/30/1993,3.12
5/7/1993,3.11
5/14/1993,3.14
5/21/1993,3.26
5/28/1993,3.39
6/4/1993,3.44
6/11/1993,3.46
6/18/1993,3.33
6/25/1993,3.37
7/2/1993,3.29
7/9/1993,3.28
7/16/1993,3.27
7/23/1993,3.37
7/30/1993,3.43
8/6/1993,3.4
8/13/1993,3.33
8/20/1993,3.26
8/27/1993,3.24
9/3/1993,3.21
9/10/1993,3.18
9/17/1993,3.24
9/24/1993,3.26
10/1/1993,3.21
10/8/1993,3.21
10/15/1993,3.22
10/22/1993,3.27
10/29/1993,3.32
11/5/1993,3.4
11/12/1993,3.39
11/19/1993,3.42
11/26/1993,3.46
12/3/1993,3.46
12/10/1993,3.44
12/17/1993,3.47
12/24/1993,3.45
12/31/1993,3.45
1/7/1994,3.46
1/14/1994,3.38
1/21/1994,3.36
1/28/1994,3.35
2/4/1994,3.49
2/11/1994,3.69
2/18/1994,3.7
2/25/1994,3.82
3/4/1994,3.95
3/11/1994,4.09
3/18/1994,4.11
3/25/1994,4.15
4/1/1994,4.21
4/8/1994,4.49
4/15/1994,4.46
4/22/1994,4.64
4/29/1994,4.72
5/6/1994,4.96
5/13/1994,5.19
5/20/1994,4.95
5/27/1994,5
6/3/1994,5.04
6/10/1994,4.89
6/17/1994,4.9
6/24/1994,5
7/1/1994,5.18
7/8/1994,5.19
7/15/1994,5.18
7/22/1994,5.1
7/29/1994,5.22
8/5/1994,5.12
8/12/1994,5.29
8/19/1994,5.3
8/26/1994,5.31
9/2/1994,5.26
9/9/1994,5.3
9/16/1994,5.38
9/23/1994,5.53
9/30/1994,5.58
10/7/1994,5.71
10/14/1994,5.67
10/21/1994,5.76
10/28/1994,5.86
11/4/1994,5.9
11/11/1994,6
11/18/1994,6.18
11/25/1994,6.22
12/2/1994,6.45
12/9/1994,6.62
12/16/1994,6.73
12/23/1994,6.66
12/30/1994,6.74
1/6/1995,6.74
1/13/1995,6.66
1/20/1995,6.58
1/27/1995,6.5
2/3/1995,6.43
2/10/1995,6.37
2/17/1995,6.29
2/24/1995,6.15
3/3/1995,6.07
3/10/1995,6.14
3/17/1995,6
3/24/1995,5.97
3/31/1995,5.98
4/7/1995,5.99
4/14/1995,5.9
4/21/1995,5.8
4/28/1995,5.85
5/5/1995,5.79
5/12/1995,5.65
5/19/1995,5.64
5/26/1995,5.59
6/2/1995,5.38
6/9/1995,5.37
6/16/1995,5.35
6/23/1995,5.29
6/30/1995,5.33
7/7/1995,5.23
7/14/1995,5.17
7/21/1995,5.31
7/28/1995,5.39
8/4/1995,5.36
8/11/1995,5.39
8/18/1995,5.52
8/25/1995,5.48
9/1/1995,5.34
9/8/1995,5.32
9/15/1995,5.29
9/22/1995,5.26
9/29/1995,5.37
10/6/1995,5.3
10/13/1995,5.29
10/20/1995,5.28
10/27/1995,5.27
11/3/1995,5.19
11/10/1995,5.16
11/17/1995,5.14
11/24/1995,5.14
12/1/1995,5.11
12/8/1995,5.08
12/15/1995,5.06
12/22/1995,5.01
12/29/1995,4.94
1/5/1996,4.91
1/12/1996,4.89
1/19/1996,4.77
1/26/1996,4.79
2/2/1996,4.69
2/9/1996,4.61
2/16/1996,4.57
2/23/1996,4.78
3/1/1996,4.87
3/8/1996,4.89
3/15/1996,5.13
3/22/1996,5.15
3/29/1996,5.13
4/5/1996,5.18
4/12/1996,5.31
4/19/1996,5.21
4/26/1996,5.21
5/3/1996,5.33
5/10/1996,5.35
5/17/1996,5.28
5/24/1996,5.27
5/31/1996,5.39
6/7/1996,5.46
6/14/1996,5.52
6/21/1996,5.48
6/28/1996,5.47
7/5/1996,5.49
7/12/1996,5.57
7/19/1996,5.47
7/26/1996,5.53
8/2/1996,5.48
8/9/1996,5.3
8/16/1996,5.3
8/23/1996,5.34
8/30/1996,5.48
9/6/1996,5.61
9/13/1996,5.54
9/20/1996,5.5
9/27/1996,5.4
10/4/1996,5.3
10/11/1996,5.26
10/18/1996,5.26
10/25/1996,5.26
11/1/1996,5.18
11/8/1996,5.15
11/15/1996,5.13
11/22/1996,5.13
11/29/1996,5.13
12/6/1996,5.14
12/13/1996,5.17
12/20/1996,5.22
12/27/1996,5.2
1/3/1997,5.25
1/10/1997,5.31
1/17/1997,5.3
1/24/1997,5.3
1/31/1997,5.3
2/7/1997,5.24
2/14/1997,5.2
2/21/1997,5.18
2/28/1997,5.29
3/7/1997,5.39
3/14/1997,5.4
3/21/1997,5.48
3/28/1997,5.59
4/4/1997,5.65
4/11/1997,5.65
4/18/1997,5.64
4/25/1997,5.66
5/2/1997,5.6
5/9/1997,5.57
5/16/1997,5.53
5/23/1997,5.51
5/30/1997,5.53
6/6/1997,5.44
6/13/1997,5.4
6/20/1997,5.34
6/27/1997,5.35
7/4/1997,5.32
7/11/1997,5.24
7/18/1997,5.24
7/25/1997,5.25
8/1/1997,5.19
8/8/1997,5.25
8/15/1997,5.29
8/22/1997,5.24
8/29/1997,5.29
9/5/1997,5.28
9/12/1997,5.29
9/19/1997,5.19
9/26/1997,5.18
10/3/1997,5.16
10/10/1997,5.16
10/17/1997,5.23
10/24/1997,5.23
10/31/1997,5.07
11/7/1997,5.15
11/14/1997,5.15
11/21/1997,5.18
11/28/1997,5.21
12/5/1997,5.25
12/12/1997,5.23
12/19/1997,5.2
12/26/1997,5.26
1/2/1998,5.23
1/9/1998,4.99
1/16/1998,4.92
1/23/1998,4.96
1/30/1998,5.01
2/6/1998,4.99
2/13/1998,5.01
2/20/1998,5.02
2/27/1998,5.14
3/6/1998,5.15
3/13/1998,5.09
3/20/1998,5.08
3/27/1998,5.12
4/3/1998,5.09
4/10/1998,5.03
4/17/1998,5.11
4/24/1998,5.12
5/1/1998,5.17
5/8/1998,5.15
5/15/1998,5.18
5/22/1998,5.17
5/29/1998,5.15
6/5/1998,5.14
6/12/1998,5.14
6/19/1998,5.12
6/26/1998,5.13
7/3/1998,5.1
7/10/1998,5.07
7/17/1998,5.08
7/24/1998,5.08
7/31/1998,5.09
8/7/1998,5.04
8/14/1998,4.97
8/21/1998,4.97
8/28/1998,4.85
9/4/1998,4.68
9/11/1998,4.55
9/18/1998,4.54
9/25/1998,4.4
10/2/1998,4.22
10/9/1998,4.01
10/16/1998,3.96
10/23/1998,3.84
10/30/1998,3.93
11/6/1998,4.27
11/13/1998,4.34
11/20/1998,4.33
11/27/1998,4.38
12/4/1998,4.26
12/11/1998,4.31
12/18/1998,4.27
12/25/1998,4.41
1/1/1999,4.38
1/8/1999,4.35
1/15/1999,4.3
1/22/1999,4.29
1/29/1999,4.3
2/5/1999,4.4
2/12/1999,4.45
2/19/1999,4.49
2/26/1999,4.58
3/5/1999,4.63
3/12/1999,4.53
3/19/1999,4.5
3/26/1999,4.5
4/2/1999,4.48
4/9/1999,4.43
4/16/1999,4.43
4/23/1999,4.45
4/30/1999,4.49
5/7/1999,4.54
5/14/1999,4.55
5/21/1999,4.63
5/28/1999,4.66
6/4/1999,4.81
6/11/1999,4.84
6/18/1999,4.77
6/25/1999,4.85
7/2/1999,4.84
7/9/1999,4.78
7/16/1999,4.72
7/23/1999,4.71
7/30/1999,4.8
8/6/1999,4.85
8/13/1999,4.94
8/20/1999,4.91
8/27/1999,4.91
9/3/1999,5
9/10/1999,4.99
9/17/1999,4.97
9/24/1999,4.95
10/1/1999,4.94
10/8/1999,5.03
10/15/1999,5.11
10/22/1999,5.16
10/29/1999,5.2
11/5/1999,5.15
11/12/1999,5.19
11/19/1999,5.25
11/26/1999,5.33
12/3/1999,5.39
12/10/1999,5.37
12/17/1999,5.51
12/24/1999,5.62
12/31/1999,5.6
1/7/2000,5.68
1/14/2000,5.74
1/21/2000,5.76
1/28/2000,5.78
2/4/2000,5.86
2/11/2000,5.83
2/18/2000,5.85
2/25/2000,5.84
3/3/2000,5.83
3/10/2000,5.83
3/17/2000,5.84
3/24/2000,5.88
3/31/2000,5.93
4/7/2000,5.83
4/14/2000,5.8
4/21/2000,5.75
4/28/2000,5.82
5/5/2000,5.89
5/12/2000,6.01
5/19/2000,6.01
5/26/2000,5.89
6/2/2000,5.89
6/9/2000,5.87
6/16/2000,5.8
6/23/2000,5.81
6/30/2000,5.79
7/7/2000,5.74
7/14/2000,5.76
7/21/2000,5.77
7/28/2000,5.73
8/4/2000,5.78
8/11/2000,5.85
8/18/2000,5.89
8/25/2000,5.89
9/1/2000,5.9
9/8/2000,5.85
9/15/2000,5.8
9/22/2000,5.76
9/29/2000,5.76
10/6/2000,5.75
10/13/2000,5.68
10/20/2000,5.66
10/27/2000,5.74
11/3/2000,5.86
11/10/2000,5.89
11/17/2000,5.86
11/24/2000,5.87
12/1/2000,5.71
12/8/2000,5.47
12/15/2000,5.44
12/22/2000,5.18
12/29/2000,5.11
1/5/2001,4.71
1/12/2001,4.6
1/19/2001,4.67
1/26/2001,4.64
2/2/2001,4.47
2/9/2001,4.54
2/16/2001,4.61
2/23/2001,4.54
3/2/2001,4.28
3/9/2001,4.27
3/16/2001,4.12
3/23/2001,3.99
3/30/2001,4.01
4/6/2001,3.83
4/13/2001,3.89
4/20/2001,3.87
4/27/2001,3.65
5/4/2001,3.72
5/11/2001,3.58
5/18/2001,3.58
5/25/2001,3.59
6/1/2001,3.51
6/8/2001,3.46
6/15/2001,3.37
6/22/2001,3.26
6/29/2001,3.38
7/6/2001,3.48
7/13/2001,3.41
7/20/2001,3.36
7/27/2001,3.35
8/3/2001,3.34
8/10/2001,3.29
8/17/2001,3.21
8/24/2001,3.22
8/31/2001,ND
9/7/2001,ND
9/14/2001,ND
9/21/2001,ND
9/28/2001,ND
10/5/2001,ND
10/12/2001,ND
10/19/2001,ND
10/26/2001,ND
11/2/2001,ND
11/9/2001,ND
11/16/2001,ND
11/23/2001,ND
11/30/2001,ND
12/7/2001,ND
12/14/2001,ND
12/21/2001,ND
12/28/2001,ND
1/4/2002,ND
1/11/2002,ND
1/18/2002,ND
1/25/2002,ND
2/1/2002,1.66
2/8/2002,1.67
2/15/2002,ND
2/22/2002,ND
3/1/2002,ND
3/8/2002,ND
3/15/2002,ND
3/22/2002,ND
3/29/2002,ND
4/5/2002,ND
4/12/2002,ND
4/19/2002,ND
4/26/2002,ND
5/3/2002,ND
5/10/2002,ND
5/17/2002,ND
5/24/2002,ND
5/31/2002,ND
6/7/2002,ND
6/14/2002,ND
6/21/2002,ND
6/28/2002,ND
7/5/2002,ND
7/12/2002,ND
7/19/2002,ND
7/26/2002,ND
8/2/2002,ND
8/9/2002,ND
8/16/2002,ND
8/23/2002,ND
8/30/2002,ND
9/6/2002,ND
9/13/2002,ND
9/20/2002,ND
9/27/2002,ND
10/4/2002,ND
10/11/2002,ND
10/18/2002,ND
10/25/2002,ND
11/1/2002,ND
11/8/2002,ND
11/15/2002,ND
11/22/2002,ND
11/29/2002,ND
12/6/2002,ND
12/13/2002,ND
12/20/2002,ND
12/27/2002,ND
1/3/2003,ND
1/10/2003,ND
1/17/2003,ND
1/24/2003,ND
1/31/2003,ND
2/7/2003,ND
2/14/2003,ND
2/21/2003,ND
2/28/2003,ND
3/7/2003,ND
3/14/2003,ND
3/21/2003,ND
3/28/2003,ND
4/4/2003,ND
4/11/2003,ND
4/18/2003,ND
4/25/2003,ND
5/2/2003,ND
5/9/2003,ND
5/16/2003,ND
5/23/2003,ND
5/30/2003,ND
6/6/2003,ND
6/13/2003,ND
6/20/2003,ND
6/27/2003,ND
7/4/2003,ND
7/11/2003,ND
7/18/2003,ND
7/25/2003,ND
8/1/2003,ND
8/8/2003,ND
8/15/2003,ND
8/22/2003,ND
8/29/2003,ND
9/5/2003,ND
9/12/2003,ND
9/19/2003,ND
9/26/2003,ND
10/3/2003,ND
10/10/2003,ND
10/17/2003,ND
10/24/2003,ND
10/31/2003,ND
11/7/2003,ND
11/14/2003,ND
11/21/2003,ND
11/28/2003,ND
12/5/2003,ND
12/12/2003,ND
12/19/2003,ND
12/26/2003,ND
1/2/2004,ND
1/9/2004,ND
1/16/2004,ND
1/23/2004,ND
1/30/2004,ND
2/6/2004,ND
2/13/2004,ND
2/20/2004,ND
2/27/2004,ND
3/5/2004,ND
3/12/2004,ND
3/19/2004,ND
3/26/2004,ND
4/2/2004,ND
4/9/2004,ND
4/16/2004,ND
4/23/2004,ND
4/30/2004,ND
5/7/2004,ND
5/14/2004,ND
5/21/2004,ND
5/28/2004,ND
6/4/2004,ND
6/11/2004,ND
6/18/2004,ND
6/25/2004,ND
7/2/2004,ND
7/9/2004,ND
7/16/2004,ND
7/23/2004,ND
7/30/2004,ND
8/6/2004,ND
8/13/2004,ND
8/20/2004,ND
8/27/2004,ND
9/3/2004,ND
9/10/2004,ND
9/17/2004,ND
9/24/2004,ND
10/1/2004,ND
10/8/2004,ND
10/15/2004,ND
10/22/2004,ND
10/29/2004,ND
11/5/2004,ND
11/12/2004,ND
11/19/2004,ND
11/26/2004,ND
12/3/2004,ND
12/10/2004,ND
12/17/2004,ND
12/24/2004,ND
12/31/2004,ND
1/7/2005,ND
1/14/2005,ND
1/21/2005,ND
1/28/2005,ND
2/4/2005,ND
2/11/2005,ND
2/18/2005,ND
2/25/2005,ND
3/4/2005,ND
3/11/2005,ND
3/18/2005,ND
3/25/2005,ND
4/1/2005,ND
4/8/2005,ND
4/15/2005,ND
4/22/2005,ND
4/29/2005,ND
5/6/2005,ND
5/13/2005,ND
5/20/2005,ND
5/27/2005,ND
6/3/2005,ND
6/10/2005,ND
6/17/2005,ND
6/24/2005,ND
7/1/2005,ND
7/8/2005,ND
7/15/2005,ND
7/22/2005,ND
7/29/2005,ND
8/5/2005,ND
8/12/2005,ND
8/19/2005,ND
8/26/2005,ND
9/2/2005,ND
9/9/2005,ND
9/16/2005,ND
9/23/2005,ND
9/30/2005,ND
10/7/2005,ND
10/14/2005,ND
10/21/2005,ND
10/28/2005,ND
11/4/2005,ND
11/11/2005,ND
11/18/2005,ND
11/25/2005,ND
12/2/2005,ND
12/9/2005,ND
12/16/2005,ND
12/23/2005,ND
12/30/2005,ND
1/6/2006,ND
1/13/2006,ND
1/20/2006,ND
1/27/2006,ND
2/3/2006,ND
2/10/2006,ND
2/17/2006,ND
2/24/2006,ND
3/3/2006,ND
3/10/2006,ND
3/17/2006,ND
3/24/2006,ND
3/31/2006,ND
4/7/2006,ND
4/14/2006,ND
4/21/2006,ND
4/28/2006,ND
5/5/2006,ND
5/12/2006,ND
5/19/2006,ND
5/26/2006,ND
6/2/2006,ND
6/9/2006,ND
6/16/2006,ND
6/23/2006,ND
6/30/2006,ND
7/7/2006,ND
7/14/2006,ND
7/21/2006,ND
7/28/2006,ND
8/4/2006,ND
8/11/2006,ND
8/18/2006,ND
8/25/2006,ND
9/1/2006,ND
9/8/2006,ND
9/15/2006,ND
9/22/2006,ND
9/29/2006,ND
10/6/2006,ND
10/13/2006,ND
10/20/2006,ND
10/27/2006,ND
11/3/2006,ND
11/10/2006,ND
11/17/2006,ND
11/24/2006,ND
12/1/2006,ND
12/8/2006,ND
12/15/2006,ND
12/22/2006,ND
12/29/2006,ND
1/5/2007,ND
1/12/2007,ND
1/19/2007,ND
1/26/2007,ND
2/2/2007,ND
2/9/2007,ND
2/16/2007,ND
2/23/2007,ND
3/2/2007,ND
3/9/2007,ND
3/16/2007,ND
3/23/2007,ND
3/30/2007,ND
4/6/2007,ND
4/13/2007,ND
4/20/2007,ND
4/27/2007,ND
5/4/2007,ND
5/11/2007,ND
5/18/2007,ND
5/25/2007,ND
6/1/2007,ND
6/8/2007,ND
6/15/2007,ND
6/22/2007,ND
6/29/2007,ND
7/6/2007,ND
7/13/2007,ND
7/20/2007,ND
7/27/2007,ND
8/3/2007,ND
8/10/2007,ND
8/17/2007,ND
8/24/2007,ND
8/31/2007,ND
9/7/2007,ND
9/14/2007,ND
9/21/2007,ND
9/28/2007,ND
10/5/2007,ND
10/12/2007,ND
10/19/2007,ND
10/26/2007,ND
11/2/2007,ND
11/9/2007,ND
11/16/2007,ND
11/23/2007,ND
11/30/2007,ND
12/7/2007,ND
12/14/2007,ND
12/21/2007,ND
12/28/2007,ND
1/4/2008,ND
1/11/2008,ND
1/18/2008,ND
1/25/2008,ND
2/1/2008,ND
2/8/2008,ND
2/15/2008,ND
2/22/2008,ND
2/29/2008,ND
3/7/2008,ND
3/14/2008,ND
3/21/2008,ND
3/28/2008,ND
4/4/2008,ND
4/11/2008,ND
4/18/2008,ND
4/25/2008,ND
5/2/2008,ND
5/9/2008,ND
5/16/2008,ND
5/23/2008,ND
5/30/2008,ND
6/6/2008,2.08
6/13/2008,2.42
6/20/2008,2.48
6/27/2008,2.37
7/4/2008,2.27
7/11/2008,2.17
7/18/2008,2.14
7/25/2008,2.23
8/1/2008,2.22
8/8/2008,2.16
8/15/2008,2.11
8/22/2008,2.05
8/29/2008,2.1
9/5/2008,2.02
9/12/2008,1.99
9/19/2008,1.64
9/26/2008,1.89
10/3/2008,1.55
10/10/2008,1.2
10/17/2008,1.2
10/24/2008,1.61
10/31/2008,1.4
11/7/2008,1.2
11/14/2008,1.09
11/21/2008,0.94
11/28/2008,0.91
12/5/2008,0.66
12/12/2008,0.47
12/19/2008,0.44
12/26/2008,0.38
1/2/2009,0.35
1/9/2009,0.41
1/16/2009,0.41
1/23/2009,0.42
1/30/2009,0.46
2/6/2009,0.5
2/13/2009,0.58
2/20/2009,0.62
2/27/2009,0.69
3/6/2009,0.64
3/13/2009,0.68
3/20/2009,0.62
3/27/2009,0.57
4/3/2009,0.56
4/10/2009,0.58
4/17/2009,0.54
4/24/2009,0.49
5/1/2009,0.47
5/8/2009,0.51
5/15/2009,0.5
5/22/2009,0.45
5/29/2009,0.46
6/5/2009,0.48
6/12/2009,0.54
6/19/2009,0.48
6/26/2009,0.44
7/3/2009,0.51
7/10/2009,0.45
7/17/2009,0.45
7/24/2009,0.44
7/31/2009,0.47
8/7/2009,0.47
8/14/2009,0.44
8/21/2009,0.4
8/28/2009,0.44
9/4/2009,0.41
9/11/2009,0.38
9/18/2009,0.36
9/25/2009,0.39
10/2/2009,0.37
10/9/2009,0.34
10/16/2009,0.32
10/23/2009,0.37
10/30/2009,0.38
11/6/2009,0.34
11/13/2009,0.3
11/20/2009,0.28
11/27/2009,0.26
12/4/2009,0.27
12/11/2009,0.29
12/18/2009,0.36
12/25/2009,0.4
1/1/2010,0.44
1/8/2010,0.37
1/15/2010,0.33
1/22/2010,0.3
1/29/2010,0.29
2/5/2010,0.3
2/12/2010,0.34
2/19/2010,0.35
2/26/2010,0.32
3/5/2010,0.31
3/12/2010,0.38
3/19/2010,0.39
3/26/2010,0.4
4/2/2010,0.4
4/9/2010,0.46
4/16/2010,0.42
4/23/2010,0.41
4/30/2010,0.39
5/7/2010,0.38
5/14/2010,0.37
5/21/2010,0.33
5/28/2010,0.33
6/4/2010,0.35
6/11/2010,0.32
6/18/2010,0.28
6/25/2010,0.27
7/2/2010,0.3
7/9/2010,0.3
7/16/2010,0.27
7/23/2010,0.25
7/30/2010,0.29
8/6/2010,0.26
8/13/2010,0.24
8/20/2010,0.24
8/27/2010,0.26
9/3/2010,0.24
9/10/2010,0.24
9/17/2010,0.25
9/24/2010,0.25
10/1/2010,0.25
10/8/2010,0.23
10/15/2010,0.21
10/22/2010,0.22
10/29/2010,0.22
11/5/2010,0.21
11/12/2010,0.23
11/19/2010,0.26
11/26/2010,0.26
12/3/2010,0.27
12/10/2010,0.27
12/17/2010,0.29
12/24/2010,0.29
12/31/2010,0.28
1/7/2011,0.27
1/14/2011,0.27
1/21/2011,0.26
1/28/2011,0.25
2/4/2011,0.26
2/11/2011,0.29
2/18/2011,0.28
2/25/2011,0.25
3/4/2011,0.24
3/11/2011,0.24
3/18/2011,0.22
3/25/2011,0.24
4/1/2011,0.26
4/8/2011,0.26
4/15/2011,0.23
4/22/2011,0.22
4/29/2011,0.2
5/6/2011,0.19
5/13/2011,0.17
5/20/2011,0.17
5/27/2011,0.17
6/3/2011,0.18
6/10/2011,0.17
6/17/2011,0.17
6/24/2011,0.16
7/1/2011,0.19
7/8/2011,0.18
7/15/2011,0.15
7/22/2011,0.17
7/29/2011,0.2
8/5/2011,0.15
8/12/2011,0.1
8/19/2011,0.1
8/26/2011,0.1
9/2/2011,0.1
9/9/2011,0.11
9/16/2011,0.09
9/23/2011,0.09
9/30/2011,0.11
10/7/2011,0.1
10/14/2011,0.1
10/21/2011,0.12
10/28/2011,0.12
11/4/2011,0.11
11/11/2011,0.09
11/18/2011,0.1
11/25/2011,0.11
12/2/2011,0.12
12/9/2011,0.1
12/16/2011,0.11
12/23/2011,0.11
12/30/2011,0.11
1/6/2012,0.11
1/13/2012,0.11
1/20/2012,0.11
1/27/2012,0.11
2/3/2012,0.12
2/10/2012,0.14
2/17/2012,0.16
2/24/2012,0.16
3/2/2012,0.17
3/9/2012,0.17
3/16/2012,0.19
3/23/2012,0.19
3/30/2012,0.17
4/6/2012,0.19
4/13/2012,0.18
4/20/2012,0.17
4/27/2012,0.17
5/4/2012,0.19
5/11/2012,0.18
5/18/2012,0.19
5/25/2012,0.2
6/1/2012,0.18
6/8/2012,0.18
6/15/2012,0.17
6/22/2012,0.18
6/29/2012,0.21
7/6/2012,0.2
7/13/2012,0.19
7/20/2012,0.17
7/27/2012,0.17
8/3/2012,0.17
8/10/2012,0.18
8/17/2012,0.18
8/24/2012,0.19
8/31/2012,0.17
9/7/2012,0.17
9/14/2012,0.17
9/21/2012,0.18
9/28/2012,0.17
10/5/2012,0.16
10/12/2012,0.17
10/19/2012,0.18
10/26/2012,0.18
11/2/2012,0.17
11/9/2012,0.18
11/16/2012,0.17
11/23/2012,0.17
11/30/2012,0.17
12/7/2012,0.17
12/14/2012,0.15
12/21/2012,0.15
12/28/2012,0.15
1/4/2013,0.14
1/11/2013,0.14
1/18/2013,0.14
1/25/2013,0.14
2/1/2013,0.14
2/8/2013,0.15
2/15/2013,0.15
2/22/2013,0.16
3/1/2013,0.16
3/8/2013,0.15
3/15/2013,0.15
3/22/2013,0.14
3/29/2013,0.13
4/5/2013,0.13
4/12/2013,0.12
4/19/2013,0.12
4/26/2013,0.11
5/3/2013,0.11
5/10/2013,0.11
5/17/2013,0.11
5/24/2013,0.11
5/31/2013,0.13
6/7/2013,0.14
6/14/2013,0.13
6/21/2013,0.12
6/28/2013,0.15
7/5/2013,0.14
7/12/2013,0.12
7/19/2013,0.1
7/26/2013,0.11
8/2/2013,0.11
8/9/2013,0.11
8/16/2013,0.11
8/23/2013,0.13
8/30/2013,0.13
9/6/2013,0.14
9/13/2013,0.11
9/20/2013,0.11
9/27/2013,0.1
10/4/2013,0.1
10/11/2013,0.13
10/18/2013,0.14
10/25/2013,0.11
11/1/2013,0.1
11/8/2013,0.1
11/15/2013,0.13
11/22/2013,0.13
11/29/2013,0.12
12/6/2013,0.12
12/13/2013,0.13
12/20/2013,0.13
12/27/2013,0.12
1/3/2014,0.12
1/10/2014,0.12
1/17/2014,0.11
1/24/2014,0.1
1/31/2014,0.1
2/7/2014,0.12
2/14/2014,0.12
2/21/2014,0.11
2/28/2014,0.1
3/7/2014,0.12
3/14/2014,0.12
3/21/2014,0.13
3/28/2014,0.12
4/4/2014,0.12
4/11/2014,0.1
4/18/2014,0.1
4/25/2014,0.1
5/2/2014,0.1
5/9/2014,0.1
5/16/2014,0.09
5/23/2014,0.08
5/30/2014,0.1
6/6/2014,0.1
6/13/2014,0.1
6/20/2014,0.09
6/27/2014,0.1
7/4/2014,0.11
7/11/2014,0.1
7/18/2014,0.09
7/25/2014,0.11
8/1/2014,0.11
8/8/2014,0.1
8/15/2014,0.09
8/22/2014,0.1
8/29/2014,0.1
9/5/2014,0.09
9/12/2014,0.09
9/19/2014,0.12
9/26/2014,0.1
10/3/2014,0.1
10/10/2014,0.09
10/17/2014,0.1
10/24/2014,0.1
10/31/2014,0.1
11/7/2014,0.1
11/14/2014,0.14
11/21/2014,0.13
11/28/2014,0.13
12/5/2014,0.13
12/12/2014,0.2
12/19/2014,0.22
12/26/2014,0.25
1/2/2015,0.22
1/9/2015,0.23
1/16/2015,0.17
1/23/2015,0.16
1/30/2015,0.15
2/6/2015,0.2
2/13/2015,0.23
2/20/2015,0.22
2/27/2015,0.19
3/6/2015,0.24
3/13/2015,0.24
3/20/2015,0.23
3/27/2015,0.24
4/3/2015,0.24
4/10/2015,0.21
4/17/2015,0.21
4/24/2015,0.22
5/1/2015,0.23
5/8/2015,0.23
5/15/2015,0.22
5/22/2015,0.2
5/29/2015,0.24
6/5/2015,0.26
6/12/2015,0.26
6/19/2015,0.24
6/26/2015,0.28
7/3/2015,0.26
7/10/2015,0.24
7/17/2015,0.25
7/24/2015,0.31
7/31/2015,0.32
8/7/2015,0.34
8/14/2015,0.36
8/21/2015,0.38
8/28/2015,0.34
9/4/2015,0.35
9/11/2015,0.36
9/18/2015,0.4
9/25/2015,0.33
10/2/2015,0.29
10/9/2015,0.24
10/16/2015,0.22
10/23/2015,0.22
10/30/2015,0.29
11/6/2015,0.38
11/13/2015,0.48
11/20/2015,0.47
11/27/2015,0.48
12/4/2015,0.51
12/11/2015,0.69
12/18/2015,0.67
12/25/2015,0.62
1/1/2016,0.62
1/8/2016,0.63
1/15/2016,0.56
1/22/2016,0.44
1/29/2016,0.44
2/5/2016,0.51
2/12/2016,0.49
2/19/2016,0.51
2/26/2016,0.54
3/4/2016,0.65
3/11/2016,0.66
3/18/2016,0.65
3/25/2016,0.61
4/1/2016,0.61
4/8/2016,0.54
4/15/2016,0.52
4/22/2016,0.52
4/29/2016,0.56
5/6/2016,0.51
5/13/2016,0.51
5/20/2016,0.59
5/27/2016,0.66
6/3/2016,0.65
6/10/2016,0.57
6/17/2016,0.51
6/24/2016,0.54
7/1/2016,0.44
7/8/2016,0.45
7/15/2016,0.5
7/22/2016,0.53
7/29/2016,0.52
8/5/2016,0.51
8/12/2016,0.54
8/19/2016,0.56
8/26/2016,0.58
9/2/2016,0.59
9/9/2016,0.55
9/16/2016,0.59
9/23/2016,0.59
9/30/2016,0.57
10/7/2016,0.62
10/14/2016,0.66
10/21/2016,0.64
10/28/2016,0.65
11/4/2016,0.62
11/11/2016,0.68
11/18/2016,0.75
11/25/2016,0.76
12/2/2016,0.76
12/9/2016,0.81
12/16/2016,0.87
12/23/2016,0.85
12/30/2016,0.83
1/6/2017,0.84
1/13/2017,0.8
1/20/2017,0.79
1/27/2017,0.77
2/3/2017,0.8
2/10/2017,0.78
2/17/2017,0.8
2/24/2017,0.78
3/3/2017,0.89
3/10/2017,0.99
3/17/2017,1
3/24/2017,0.96
3/31/2017,1
4/7/2017,1.01
4/14/2017,1.02
4/21/2017,0.99
4/28/2017,1.04
5/5/2017,1.07
5/12/2017,1.1
5/19/2017,1.07
5/26/2017,1.12
6/2/2017,1.13
6/9/2017,1.15
6/16/2017,1.17
6/23/2017,1.19
6/30/2017,1.19
7/7/2017,1.2
7/14/2017,1.18
7/21/2017,1.18
7/28/2017,1.2
8/4/2017,1.2
8/11/2017,1.19
8/18/2017,1.2
8/25/2017,1.2
9/1/2017,1.2
9/8/2017,1.2
9/15/2017,1.24
9/22/2017,1.28
9/29/2017,1.28
10/6/2017,1.29
10/13/2017,1.38
10/20/2017,1.38
10/27/2017,1.39
11/3/2017,1.41
11/10/2017,1.48
11/17/2017,1.53
11/24/2017,1.57
12/1/2017,1.57
12/8/2017,1.62
12/15/2017,1.65
12/22/2017,1.67
12/29/2017,1.7
1/5/2018,1.77
1/12/2018,1.73
1/19/2018,1.73
1/26/2018,1.73
2/2/2018,1.82
2/9/2018,1.83
2/16/2018,1.91
2/23/2018,1.95
3/2/2018,2
3/9/2018,1.99
3/16/2018,1.99
3/23/2018,1.99
3/30/2018,2.03
4/6/2018,2.01
4/13/2018,2.03
4/20/2018,2.1
4/27/2018,2.18
5/4/2018,2.17
5/11/2018,2.19
5/18/2018,2.22
5/25/2018,2.23
6/1/2018,2.16
6/8/2018,2.23
6/15/2018,2.25
6/22/2018,2.27
6/29/2018,2.26
7/6/2018,2.25
7/13/2018,2.28
7/20/2018,2.32
7/27/2018,2.34
8/3/2018,2.35
8/10/2018,2.35
8/17/2018,2.36
8/24/2018,2.36
8/31/2018,2.38
9/7/2018,2.41
9/14/2018,2.47
9/21/2018,2.49
9/28/2018,2.5
10/5/2018,2.52
10/12/2018,2.57
10/19/2018,2.58
10/26/2018,2.56
11/2/2018,2.57
11/9/2018,2.63
11/16/2018,2.61
11/23/2018,2.58
11/30/2018,2.6
12/7/2018,2.61
12/14/2018,2.6
12/21/2018,2.55
12/28/2018,2.52
1/4/2019,2.49
1/11/2019,2.51
1/18/2019,2.5
1/25/2019,2.51
2/1/2019,2.5
2/8/2019,2.48
2/15/2019,2.47
2/22/2019,2.47
3/1/2019,2.47
3/8/2019,2.45
3/15/2019,2.44
3/22/2019,2.41
3/29/2019,2.33
4/5/2019,2.33
4/12/2019,2.35
4/19/2019,2.36
4/26/2019,2.35
5/3/2019,2.32
5/10/2019,2.3
5/17/2019,2.25
5/24/2019,2.27
5/31/2019,2.21
6/7/2019,2
6/14/2019,1.97
6/21/2019,1.92
6/28/2019,1.88
7/5/2019,1.89
7/12/2019,1.92
7/19/2019,1.89
7/26/2019,1.92
8/2/2019,1.89
8/9/2019,1.74
8/16/2019,1.72
8/23/2019,1.71
8/30/2019,1.71
9/6/2019,1.69
9/13/2019,1.76
9/20/2019,1.81
9/27/2019,1.74
10/4/2019,1.63
10/11/2019,1.59
10/18/2019,1.56
10/25/2019,1.55
11/1/2019,1.53
11/8/2019,1.54
11/15/2019,1.52
11/22/2019,1.51
11/29/2019,1.55
12/6/2019,1.53
12/13/2019,1.51
12/20/2019,1.49
12/27/2019,1.49
1/3/2020,1.53
1/10/2020,1.5
1/17/2020,1.5
1/24/2020,1.51
1/31/2020,1.46
2/7/2020,1.45
2/14/2020,1.44
2/21/2020,1.43
2/28/2020,1.19
3/6/2020,0.6
3/13/2020,0.37
3/20/2020,0.21
3/27/2020,0.17
4/3/2020,0.15
4/10/2020,0.22
4/17/2020,0.21
4/24/2020,0.17
5/1/2020,0.17
5/8/2020,0.16
5/15/2020,0.15
5/22/2020,0.16
5/29/2020,0.17
6/5/2020,0.17
6/12/2020,0.19
6/19/2020,0.18
6/26/2020,0.17
7/3/2020,0.16
7/10/2020,0.15
7/17/2020,0.15
7/24/2020,0.15
7/31/2020,0.13
8/7/2020,0.13
8/14/2020,0.14
8/21/2020,0.13
8/28/2020,0.13
9/4/2020,0.12
9/11/2020,0.14
9/18/2020,0.13
9/25/2020,0.12
10/2/2020,0.12
10/9/2020,0.13
10/16/2020,0.13
10/23/2020,0.13
10/30/2020,0.12
11/6/2020,0.13
11/13/2020,0.12
11/20/2020,0.11
11/27/2020,0.11
12/4/2020,0.11
12/11/2020,0.1
12/18/2020,0.09
12/25/2020,0.09
1/1/2021,0.11
1/8/2021,0.1
1/15/2021,0.11
1/22/2021,0.1
1/29/2021,0.09
2/5/2021,0.07
2/12/2021,0.07
2/19/2021,0.07
2/26/2021,0.08
3/5/2021,0.08
3/12/2021,0.09
3/19/2021,0.07
3/26/2021,0.07
4/2/2021,0.06
4/9/2021,0.06
4/16/2021,0.06
4/23/2021,0.07
4/30/2021,0.05
5/7/2021,0.06
5/14/2021,0.05
5/21/2021,0.05
5/28/2021,0.04
6/4/2021,0.05
6/11/2021,0.05
6/18/2021,0.08
6/25/2021,0.08
7/2/2021,0.07
7/9/2021,0.07
7/16/2021,0.08
7/23/2021,0.07
7/30/2021,0.07
8/6/2021,0.07
8/13/2021,0.08
8/20/2021,0.07
8/27/2021,0.07
9/3/2021,0.07
9/10/2021,0.08
9/17/2021,0.07
9/24/2021,0.07
10/1/2021,0.08
10/8/2021,0.09
10/15/2021,0.1
10/22/2021,0.1
10/29/2021,0.12
11/5/2021,0.15
